fluid_id,altura,tempo,concentracao,regime
5,0.5,1,0.042060608228949574,1
5,0.5,2,0.06026235200465218,1
5,0.5,3,0.06561215632787105,1
5,0.5,5,0.06687109729830971,1
5,0.5,6,0.0662562674925577,1
5,0.5,7,0.06785679387956552,1
5,0.5,8,0.06552907843986452,2
5,0.5,10,0.06666571995724196,1
5,0.5,12,0.06861481594741782,1
5,0.5,13,0.06789050619838895,1
5,0.5,14,0.06661828237260724,1
5,0.5,15,0.06894092890037656,1
5,0.5,16,0.06608709679731778,2
5,0.5,19,0.06905317280653539,1
5,0.5,20,0.06761724511072424,1
5,0.5,21,0.07044961208914086,1
5,0.5,22,0.06835001414299417,2
5,0.5,23,0.06899846693644375,1
5,0.5,26,0.06852852305548161,0
5,0.5,27,0.06538306148120683,2
5,0.5,28,0.06883993522677487,1
5,0.5,29,0.06814008392991679,1
5,0.5,33,0.07089522562119711,1
5,0.5,34,0.06847185571984347,2
5,0.5,35,0.06774525351629024,1
5,0.5,36,0.06992098583080265,1
5,0.5,37,0.06944131866045015,0
5,0.5,40,0.06760848451561229,1
5,0.5,41,0.06919361575496935,1
5,0.5,42,0.0697950586804133,1
5,0.5,43,0.06984942369918458,0
5,0.5,44,0.0694097460364178,0
5,0.5,47,0.06956814945211004,0
5,0.5,48,0.0707105801785985,1
5,0.5,49,0.07007452740617558,1
5,0.5,50,0.072233938444891,1
5,2.0,1,0.03673643284044529,1
5,2.0,2,0.05926152431130452,1
5,2.0,3,0.06288724988919255,1
5,2.0,5,0.06405180834187035,1
5,2.0,6,0.062392567173128154,1
5,2.0,7,0.06167400304521128,1
5,2.0,8,0.06267249381757753,1
5,2.0,10,0.06565029196161849,1
5,2.0,12,0.06861481594741782,1
5,2.0,13,0.06745049800556831,1
5,2.0,14,0.06865449632824785,1
5,2.0,15,0.0678227280357974,1
5,2.0,16,0.06660973795664814,1
5,2.0,19,0.06809467557604783,0
5,2.0,20,0.07043747612582295,1
5,2.0,21,0.06881009848736445,1
5,2.0,22,0.06964859647542375,1
5,2.0,23,0.07036619697120415,1
5,2.0,26,0.06692546953457305,1
5,2.0,27,0.06821196534393248,1
5,2.0,28,0.06964516303514547,1
5,2.0,29,0.06890110184217645,1
5,2.0,33,0.07067132293453086,0
5,2.0,34,0.06987485997683167,1
5,2.0,35,0.06864750323070071,1
5,2.0,36,0.07065989106878036,1
5,2.0,37,0.0697661193892584,1
5,2.0,40,0.06973438162920134,0
5,2.0,41,0.06894611206427288,1
5,2.0,42,0.06969880947738614,1
5,2.0,43,0.07019904864614168,1
5,2.0,44,0.0694893918914786,1
5,2.0,47,0.07106143864311537,1
5,2.0,48,0.07056924202873731,0
5,2.0,49,0.07203894386332145,1
5,2.0,50,0.07055999345976212,1
5,4.0,1,0.03917031470318044,1
5,4.0,2,0.05593701149078678,1
5,4.0,3,0.0636000194458088,1
5,4.0,5,0.06305895703659811,0
5,4.0,6,0.062456719023397556,1
5,4.0,7,0.0629527699227063,0
5,4.0,8,0.06293102848654093,0
5,4.0,10,0.06506900313688863,1
5,4.0,12,0.06846388082533798,1
5,4.0,13,0.06848267780082348,0
5,4.0,14,0.06865479858027429,0
5,4.0,15,0.06898298540260696,0
5,4.0,16,0.06361939430861943,2
5,4.0,19,0.06983601851640872,1
5,4.0,20,0.07059350739858393,1
5,4.0,21,0.07022063962174553,0
5,4.0,22,0.06718290219976056,2
5,4.0,23,0.06983118199179257,1
5,4.0,26,0.06838380266246735,0
5,4.0,27,0.06883654312994987,0
5,4.0,28,0.06857663930254415,0
5,4.0,29,0.0675859650580914,1
5,4.0,33,0.06862594742593874,0
5,4.0,34,0.06952237855461944,1
5,4.0,35,0.06992349299732777,0
5,4.0,36,0.06778896657037052,2
5,4.0,37,0.0697891001076113,1
5,4.0,40,0.06905641085538666,0
5,4.0,41,0.07190108651572667,1
5,4.0,42,0.07052674976151241,1
5,4.0,43,0.06951146182733932,1
5,4.0,44,0.06921302083672794,0
5,4.0,47,0.0699307545351137,0
5,4.0,48,0.06800203867053115,1
5,4.0,49,0.0710571967967346,1
5,4.0,50,0.06963762089448589,1
5,8.0,1,0.037077638089919665,1
5,8.0,2,0.055380822687339716,1
5,8.0,3,0.06428164128207244,1
5,8.0,5,0.06256263159888027,1
5,8.0,6,0.06215798105443892,0
5,8.0,7,0.06527179796054575,1
5,8.0,8,0.06226291002059701,2
5,8.0,10,0.0665144102802564,1
5,8.0,12,0.06768658599551515,1
5,8.0,13,0.06709143299109838,1
5,8.0,14,0.06676841123044507,0
5,8.0,15,0.06762611067610942,1
5,8.0,16,0.06527197417123189,2
5,8.0,19,0.06695766009752595,1
5,8.0,20,0.06711150501157502,0
5,8.0,21,0.06865098294502438,1
5,8.0,22,0.06825698342431036,0
5,8.0,23,0.06968687618844878,1
5,8.0,26,0.06905772358284963,0
5,8.0,27,0.0663938532123751,2
5,8.0,28,0.06802797019321687,1
5,8.0,29,0.06676979383025822,1
5,8.0,33,0.06833085890303002,0
5,8.0,34,0.06893053804593212,1
5,8.0,35,0.06788462561045848,1
5,8.0,36,0.06842812453252811,1
5,8.0,37,0.06778968056700162,1
5,8.0,40,0.07031848798654404,1
5,8.0,41,0.0691648717098892,1
5,8.0,42,0.06906851486004358,0
5,8.0,43,0.07033624628011971,1
5,8.0,44,0.06935596483706431,1
5,8.0,47,0.07032858472305463,0
5,8.0,48,0.069507554803294,1
5,8.0,49,0.06962807058074418,0
5,8.0,50,0.06987296856298449,0
5,12.0,1,0.036672479524536346,1
5,12.0,2,0.05708529544629288,1
5,12.0,3,0.06112739085805513,1
5,12.0,5,0.06506689775135131,1
5,12.0,6,0.06216611265747535,2
5,12.0,7,0.06247428596512841,0
5,12.0,8,0.061187957675120856,1
5,12.0,10,0.06477197084791961,1
5,12.0,12,0.06811561020830785,1
5,12.0,13,0.0640785993276004,2
5,12.0,14,0.0647927279543938,1
5,12.0,15,0.06720297081173127,1
5,12.0,16,0.06467066372114619,2
5,12.0,19,0.06528588253338548,0
5,12.0,20,0.06584463460794775,1
5,12.0,21,0.06453657292147953,1
5,12.0,22,0.06780873910143993,1
5,12.0,23,0.06603368703813513,1
5,12.0,26,0.06542651789606914,0
5,12.0,27,0.0648834964110807,1
5,12.0,28,0.06628279856568269,1
5,12.0,29,0.06513397566215114,1
5,12.0,33,0.06687068953919544,0
5,12.0,34,0.066512783249603,0
5,12.0,35,0.06520413882818007,1
5,12.0,36,0.06589710265143393,1
5,12.0,37,0.0649769455101573,1
5,12.0,40,0.06609578232595374,0
5,12.0,41,0.06635653604435282,0
5,12.0,42,0.06685310964207201,0
5,12.0,43,0.06669095385915502,0
5,12.0,44,0.06790016641388946,1
5,12.0,47,0.06812076045046887,0
5,12.0,48,0.0687771477230151,1
5,12.0,49,0.06728028132689617,1
5,12.0,50,0.0665318660299919,1
5,16.0,1,0.03414949290352987,1
5,16.0,2,0.046581256501040454,1
5,16.0,3,0.04799556984978531,1
5,16.0,5,0.03611828947360188,2
5,16.0,6,0.03285747685263402,2
5,16.0,7,0.025566581123099553,2
5,16.0,8,0.02870809243700885,1
5,16.0,10,0.030844058850065362,1
5,16.0,12,0.06650377003032652,1
5,16.0,13,0.025059919843729767,2
5,16.0,14,0.01640226805387639,2
5,16.0,15,0.013592821022692742,2
5,16.0,16,0.017288696919733965,1
5,16.0,19,0.015089267847824167,1
5,16.0,20,0.021281918091756207,1
5,16.0,21,0.009918851721613971,2
5,16.0,22,0.012674318816594273,1
5,16.0,23,0.01133112564863895,1
5,16.0,26,0.008915951006570626,1
5,16.0,27,0.01000360768846358,1
5,16.0,28,0.01161602611933425,1
5,16.0,29,0.010981976125751927,1
5,16.0,33,0.011066218166646673,0
5,16.0,34,0.008717282941927671,2
5,16.0,35,0.008667202847210705,0
5,16.0,36,0.009539567060543859,1
5,16.0,37,0.009267275689734704,0
5,16.0,40,0.0093028449394632,0
5,16.0,41,0.009198688579854375,0
5,16.0,42,0.011242963005687124,1
5,16.0,43,0.011162142852136415,0
5,16.0,44,0.012949866622276466,1
5,16.0,47,0.011568431521522171,0
5,16.0,48,0.01189692356806056,0
5,16.0,49,0.012973065122408213,1
5,16.0,50,0.011620207946832753,1
5,18.0,1,0.03517229163731995,1
5,18.0,2,0.03163650634402385,2
5,18.0,3,0.010103171426922613,2
5,18.0,5,0.006469100146644061,1
5,18.0,6,0.0035554041739450496,2
5,18.0,7,0.006550821149548923,1
5,18.0,8,0.004647482025395592,1
5,18.0,10,0.006726412924882335,1
5,18.0,12,0.02469552797563121,1
5,18.0,13,0.009031161157357364,2
5,18.0,14,0.009123088023754946,0
5,18.0,15,0.008368065441193,1
5,18.0,16,0.006610054931819993,1
5,18.0,19,0.009797317502211352,1
5,18.0,20,0.010004929785866227,0
5,18.0,21,0.009379700660999886,1
5,18.0,22,0.009408719000065268,0
5,18.0,23,0.009040476424538228,0
5,18.0,26,0.008688745915588155,0
5,18.0,27,0.009685887729836227,1
5,18.0,28,0.008670971592128925,1
5,18.0,29,0.010326524304572307,1
5,18.0,33,0.010609592219229651,0
5,18.0,34,0.0096042700126494,1
5,18.0,35,0.009497058392772206,0
5,18.0,36,0.010054973800768025,1
5,18.0,37,0.008741074368254166,1
5,18.0,40,0.009630794511573603,0
5,18.0,41,0.010387809461687913,1
5,18.0,42,0.009951216808164557,0
5,18.0,43,0.0105456846356285,1
5,18.0,44,0.01016199649261588,0
5,18.0,47,0.011860557538203127,1
5,18.0,48,0.011413198415019579,0
5,18.0,49,0.011695631953398658,0
5,18.0,50,0.010201443812257946,1
5,20.0,1,0.0362798007184228,1
5,20.0,2,0.00495699239070355,2
5,20.0,3,0.008865150921260544,1
5,20.0,5,0.00627004792759898,1
5,20.0,6,0.00468615309165551,1
5,20.0,7,0.005273019967927073,1
5,20.0,8,0.003734924072233372,1
5,20.0,10,0.0071449402239975425,1
5,20.0,12,0.008446882859853741,1
5,20.0,13,0.007547348045509988,1
5,20.0,14,0.008020264422232458,0
5,20.0,15,0.008602496118890903,1
5,20.0,16,0.0070377189988016725,1
5,20.0,19,0.010190088886281487,1
5,20.0,20,0.010030567430274362,0
5,20.0,21,0.008751596761043522,1
5,20.0,22,0.009382582074769186,1
5,20.0,23,0.010194728051663706,1
5,20.0,26,0.01067227183391866,0
5,20.0,27,0.00870245048500937,1
5,20.0,28,0.010619692452313348,1
5,20.0,29,0.00963446538387183,1
5,20.0,33,0.00853255159654317,0
5,20.0,34,0.009697448715885945,1
5,20.0,35,0.008435248105314852,1
5,20.0,36,0.007715832708430743,1
5,20.0,37,0.009761282960333663,1
5,20.0,40,0.008840622281461213,0
5,20.0,41,0.010644975750898967,1
5,20.0,42,0.010422028913539818,0
5,20.0,43,0.01098441490739441,1
5,20.0,44,0.010784448544346929,0
5,20.0,47,0.009800987737270636,0
5,20.0,48,0.010733097049921396,1
5,20.0,49,0.010719948791808024,0
5,20.0,50,0.010935578687108765,0
5,23.0,1,0.032980941353696135,1
5,23.0,2,0.004141837936684806,2
5,23.0,3,0.00955165432438704,1
5,23.0,5,0.0059887709471655405,1
5,23.0,6,0.0038364879443018463,2
5,23.0,7,0.004291603773216415,0
5,23.0,8,0.003883321662442574,0
5,23.0,10,0.00691993653740901,1
5,23.0,12,0.010039123465178356,1
5,23.0,13,0.008463321723744721,1
5,23.0,14,0.008510873908616707,0
5,23.0,15,0.009244450914137468,1
5,23.0,16,0.008703436264908323,1
5,23.0,19,0.009730458406862643,0
5,23.0,20,0.00996534475164699,0
5,23.0,21,0.011094438621400476,1
5,23.0,22,0.010360265008151756,1
5,23.0,23,0.010768746816214788,0
5,23.0,26,0.011629889535440892,0
5,23.0,27,0.010851459777528036,1
5,23.0,28,0.011336111996637172,0
5,23.0,29,0.010933325843042385,0
5,23.0,33,0.012872308364999238,0
5,23.0,34,0.013330681576739181,0
5,23.0,35,0.011432052041294494,1
5,23.0,36,0.009254271384938144,2
5,23.0,37,0.009182032368327988,0
5,23.0,40,0.010307832845295843,0
5,23.0,41,0.009678359615818284,1
5,23.0,42,0.010803035835161477,1
5,23.0,43,0.01207386039405718,1
5,23.0,44,0.012057830074846192,0
5,23.0,47,0.010748259835920246,0
5,23.0,48,0.010670257001490885,0
5,23.0,49,0.010569006302242737,0
5,23.0,50,0.011701265595542404,1
6,0.5,1,0.09592364561622714,1
6,0.5,2,0.12930266207567234,1
6,0.5,3,0.133634060662881,1
6,0.5,5,0.1338755909408826,0
6,0.5,6,0.13529241906880057,1
6,0.5,7,0.1356442043411577,0
6,0.5,8,0.13518309006520873,0
6,0.5,9,0.1314772315577998,2
6,0.5,10,0.13777324361793822,1
6,0.5,12,0.13865823401161909,0
6,0.5,13,0.13784056199488914,1
6,0.5,14,0.13759739207474306,0
6,0.5,15,0.13755385729631822,0
6,0.5,16,0.13705446872998697,0
6,0.5,19,0.13842407176374652,0
6,0.5,20,0.13929908566196286,1
6,0.5,21,0.13811662844004755,1
6,0.5,22,0.1401060289304206,1
6,0.5,23,0.13894791010389165,1
6,0.5,26,0.13909167876353196,0
6,0.5,27,0.13920693435521467,0
6,0.5,28,0.13962501747638528,0
6,0.5,29,0.13916471113621565,0
6,0.5,33,0.13896956242092998,0
6,0.5,34,0.13966430955173942,1
6,0.5,35,0.13886272948589085,1
6,0.5,36,0.1407605349174698,1
6,0.5,37,0.14113482059110982,0
6,0.5,40,0.14024125470936133,0
6,0.5,41,0.14302292504974828,1
6,0.5,42,0.1409426800902127,2
6,0.5,43,0.14192656075116397,1
6,0.5,44,0.14086120757966836,1
6,0.5,47,0.1412734648454581,0
6,0.5,48,0.14249792615683846,1
6,0.5,49,0.14067716763272684,1
6,0.5,50,0.14148604709007825,1
6,2.0,1,0.09567791270700743,1
6,2.0,2,0.12487485248467288,1
6,2.0,3,0.12961205630343994,1
6,2.0,5,0.13442721132202437,1
6,2.0,6,0.13452822223221636,0
6,2.0,7,0.13308666089381496,1
6,2.0,8,0.1324704684292717,1
6,2.0,9,0.13302934362390967,1
6,2.0,10,0.13590667714067164,1
6,2.0,12,0.13918737486012497,1
6,2.0,13,0.13846278489375966,1
6,2.0,14,0.13786085261717568,1
6,2.0,15,0.1371210599699498,1
6,2.0,16,0.13777322875677123,1
6,2.0,19,0.1381876225027009,0
6,2.0,20,0.13764550328858607,1
6,2.0,21,0.13637008644808335,1
6,2.0,22,0.13695694349220447,1
6,2.0,23,0.13674295392030297,0
6,2.0,26,0.13717129236786552,0
6,2.0,27,0.13645097053228297,1
6,2.0,28,0.1368850415133104,0
6,2.0,29,0.13752379183784116,1
6,2.0,33,0.13648451453730742,0
6,2.0,34,0.1354646236870122,1
6,2.0,35,0.13621670638241828,1
6,2.0,36,0.13731954037648356,1
6,2.0,37,0.13744908719874668,0
6,2.0,40,0.1375609019782179,0
6,2.0,41,0.13787176779251828,0
6,2.0,42,0.13875758115391473,1
6,2.0,43,0.1379600575537794,1
6,2.0,44,0.13757954058222618,0
6,2.0,47,0.13800841791188068,0
6,2.0,48,0.13795027442137772,0
6,2.0,49,0.13705007325715876,1
6,2.0,50,0.1381170413956264,1
6,4.0,1,0.09238482168598071,1
6,4.0,2,0.12151846715302482,1
6,4.0,3,0.12890468874767835,1
6,4.0,5,0.1347754299634425,1
6,4.0,6,0.13304538206193753,1
6,4.0,7,0.13365652895920105,1
6,4.0,8,0.13470839268029286,1
6,4.0,9,0.1314902170673038,2
6,4.0,10,0.13536791448780494,1
6,4.0,12,0.13880357682978764,1
6,4.0,13,0.1376248712132925,1
6,4.0,14,0.13614366223113553,1
6,4.0,15,0.13788673085245523,1
6,4.0,16,0.13451131660623017,2
6,4.0,19,0.13761422756596906,1
6,4.0,20,0.13705678107637334,1
6,4.0,21,0.1362247414905249,1
6,4.0,22,0.1385546905993303,1
6,4.0,23,0.13666768262200427,1
6,4.0,26,0.138478582696312,1
6,4.0,27,0.13770350311713014,1
6,4.0,28,0.13627263921828028,1
6,4.0,29,0.13686981652345118,1
6,4.0,33,0.1367075194308821,0
6,4.0,34,0.13644404013421427,0
6,4.0,35,0.13838735731680885,1
6,4.0,36,0.13775522208422591,1
6,4.0,37,0.1369732723498891,1
6,4.0,40,0.13696680353254773,0
6,4.0,41,0.13791738146862134,1
6,4.0,42,0.1378152231474636,0
6,4.0,43,0.13871995593142342,1
6,4.0,44,0.13752222079492707,1
6,4.0,47,0.13837294025108102,0
6,4.0,48,0.13965492799671875,1
6,4.0,49,0.1379336107842188,1
6,4.0,50,0.13900916850858994,1
6,8.0,1,0.0949554728487581,1
6,8.0,2,0.1188224289895729,1
6,8.0,3,0.12779727584382805,1
6,8.0,5,0.13196549041509018,1
6,8.0,6,0.1323511541452201,0
6,8.0,7,0.1345700676288023,1
6,8.0,8,0.13221385984296785,2
6,8.0,9,0.13029187049007318,1
6,8.0,10,0.13667411215503142,1
6,8.0,12,0.13569402249269677,0
6,8.0,13,0.13627570515857285,1
6,8.0,14,0.1352191966815137,1
6,8.0,15,0.1355013917611345,0
6,8.0,16,0.13588022339865055,0
6,8.0,19,0.13874212899512495,1
6,8.0,20,0.1375101980597567,1
6,8.0,21,0.13598387018696909,1
6,8.0,22,0.1364142635506972,0
6,8.0,23,0.13670316834581825,0
6,8.0,26,0.1368379935396802,0
6,8.0,27,0.13601297426487197,1
6,8.0,28,0.13720609225757452,1
6,8.0,29,0.13736930965111785,0
6,8.0,33,0.13475247267639065,1
6,8.0,34,0.13972473501281285,1
6,8.0,35,0.13415980352258697,2
6,8.0,36,0.1380476750265483,1
6,8.0,37,0.13706586894401104,1
6,8.0,40,0.13658791133323603,0
6,8.0,41,0.13813101412444803,1
6,8.0,42,0.13901269594907983,1
6,8.0,43,0.13774807207090714,1
6,8.0,44,0.13810761399638716,0
6,8.0,47,0.13749283917180144,0
6,8.0,48,0.13751728236893696,0
6,8.0,49,0.1363100711890229,1
6,8.0,50,0.13918155759154857,1
6,12.0,1,0.09502368479875113,1
6,12.0,2,0.11682869686938878,1
6,12.0,3,0.12448144694269887,1
6,12.0,5,0.13126198091555993,1
6,12.0,6,0.13061098513314967,1
6,12.0,7,0.13165334991446556,1
6,12.0,8,0.13201045762197872,0
6,12.0,9,0.13111167468762533,1
6,12.0,10,0.13522135501913993,1
6,12.0,12,0.13438973213380265,0
6,12.0,13,0.1339080620800797,0
6,12.0,14,0.1348922989166361,1
6,12.0,15,0.13293370492049658,1
6,12.0,16,0.1335073929696081,1
6,12.0,19,0.13446796321983256,0
6,12.0,20,0.13647009592568812,1
6,12.0,21,0.13459808996386916,1
6,12.0,22,0.1353102588494873,1
6,12.0,23,0.13486598369800343,0
6,12.0,26,0.13677175912054962,1
6,12.0,27,0.134837640607157,1
6,12.0,28,0.13541584560682804,1
6,12.0,29,0.13605307375306322,1
6,12.0,33,0.13482956731397006,0
6,12.0,34,0.13538693415592465,1
6,12.0,35,0.13532357351659113,0
6,12.0,36,0.1359242195180034,1
6,12.0,37,0.1351253418989737,1
6,12.0,40,0.1376654980225973,1
6,12.0,41,0.13566284191974623,2
6,12.0,42,0.13556013316976848,0
6,12.0,43,0.13565413364226445,0
6,12.0,44,0.1360534862141636,0
6,12.0,47,0.13712306944070338,0
6,12.0,48,0.1352041320860312,1
6,12.0,49,0.13553652008368341,0
6,12.0,50,0.13668799275087704,1
6,16.0,1,0.09260248637466022,1
6,16.0,2,0.1127763071022992,1
6,16.0,3,0.120105768430121,1
6,16.0,5,0.12132155113127892,1
6,16.0,6,0.1225900335147097,1
6,16.0,7,0.1231726276213519,1
6,16.0,8,0.1221030083761075,1
6,16.0,9,0.11529932459080916,2
6,16.0,10,0.11754029869387028,1
6,16.0,12,0.10679794911856916,2
6,16.0,13,0.11796874717248317,1
6,16.0,14,0.10800521915725449,2
6,16.0,15,0.1162976521078033,1
6,16.0,16,0.10658772705293372,2
6,16.0,19,0.11851596619007042,1
6,16.0,20,0.11557193694311951,2
6,16.0,21,0.10363900286940762,2
6,16.0,22,0.12422835142478693,1
6,16.0,23,0.11339976789046008,2
6,16.0,26,0.11071142930124343,1
6,16.0,27,0.11211219345699253,1
6,16.0,28,0.11289665730436656,1
6,16.0,29,0.11049672338357984,2
6,16.0,33,0.09744275894749622,2
6,16.0,34,0.09809719357228558,1
6,16.0,35,0.10922582254361102,1
6,16.0,36,0.10931867260547407,0
6,16.0,37,0.09586053992511455,2
6,16.0,40,0.09856246603066104,1
6,16.0,41,0.08831122139920193,2
6,16.0,42,0.09685445294393354,1
6,16.0,43,0.09768842207796458,1
6,16.0,44,0.0945373668137542,2
6,16.0,47,0.11452901862929381,1
6,16.0,48,0.11736290152302407,1
6,16.0,49,0.10820015007223278,2
6,16.0,50,0.1078234095153535,0
6,18.0,1,0.09265104764249026,1
6,18.0,2,0.10145360173794345,1
6,18.0,3,0.004617003775714858,2
6,18.0,5,0.0022204056125124756,1
6,18.0,6,0.0023150079931086036,0
6,18.0,7,0.0018910705415561048,0
6,18.0,8,0.0021027462796112356,0
6,18.0,9,0.000957852917961831,1
6,18.0,10,0.002609034009838767,1
6,18.0,12,0.0034124285340947497,0
6,18.0,13,0.003243834769396879,0
6,18.0,14,0.0032418802949272427,0
6,18.0,15,0.0028783332661829718,0
6,18.0,16,0.0026438469295477726,0
6,18.0,19,0.003378624738822659,0
6,18.0,20,0.0030784051053281314,0
6,18.0,21,0.002868275540359641,0
6,18.0,22,0.0033529826776047913,0
6,18.0,23,0.0028875989540226416,0
6,18.0,26,0.003050191262193713,0
6,18.0,27,0.0033047919363775762,0
6,18.0,28,0.003146421666983796,0
6,18.0,29,0.003206905187343871,0
6,18.0,33,0.0031306105601829476,0
6,18.0,34,0.0033284440105960256,0
6,18.0,35,0.0028220126811609246,1
6,18.0,36,0.0033363316916288376,1
6,18.0,37,0.0033040268550003633,0
6,18.0,40,0.0031125994609099345,0
6,18.0,41,0.0032170647009986384,0
6,18.0,42,0.0031743478319763035,0
6,18.0,43,0.0033017512839504885,0
6,18.0,44,0.003887338695666733,1
6,18.0,47,0.003703507938688153,0
6,18.0,48,0.0036916746613843503,0
6,18.0,49,0.003167917776260638,1
6,18.0,50,0.00384538313258165,1
6,20.0,1,0.09130319531331353,1
6,20.0,2,0.0017635178605675892,2
6,20.0,3,0.003314087135040099,1
6,20.0,5,0.0023032026301873427,1
6,20.0,6,0.0020412297651645974,0
6,20.0,7,0.0017004134195684306,0
6,20.0,8,0.0016076391580902684,0
6,20.0,9,0.0007060278761851973,1
6,20.0,10,0.003179623234524772,1
6,20.0,12,0.003281677754928285,0
6,20.0,13,0.003297380066320412,0
6,20.0,14,0.003146153480049201,0
6,20.0,15,0.002226011656784464,1
6,20.0,16,0.003040630554831764,1
6,20.0,19,0.003483982408912319,0
6,20.0,20,0.0033767436355195937,0
6,20.0,21,0.002940725418374672,0
6,20.0,22,0.0028780989395252184,0
6,20.0,23,0.0033833063850331455,1
6,20.0,26,0.0031388736862100366,0
6,20.0,27,0.003906108724246437,1
6,20.0,28,0.003564544963242303,0
6,20.0,29,0.003662512311248986,0
6,20.0,33,0.0030001664236822298,0
6,20.0,34,0.003503956434991221,1
6,20.0,35,0.002619341319111655,1
6,20.0,36,0.0033481341159151707,1
6,20.0,37,0.0030000157311740067,0
6,20.0,40,0.003403720000871029,0
6,20.0,41,0.0037105308312304053,0
6,20.0,42,0.0031239721004402616,1
6,20.0,43,0.003925084280072453,1
6,20.0,44,0.003948399442789384,0
6,20.0,47,0.0037060166178577592,0
6,20.0,48,0.0033205907070508506,0
6,20.0,49,0.0030903944274810664,0
6,20.0,50,0.0035745858079980768,0
6,23.0,1,0.09007773301281141,1
6,23.0,2,0.001375674830197561,2
6,23.0,3,0.0029818905739122693,1
6,23.0,5,0.00257243036291804,0
6,23.0,6,0.0014655229408476415,1
6,23.0,7,0.001494096994482221,0
6,23.0,8,0.0014776023554293166,0
6,23.0,9,0.002993498374958169,1
6,23.0,10,0.0027333645703981856,0
6,23.0,12,0.004563938668415598,1
6,23.0,13,0.005299994913191733,1
6,23.0,14,0.0040772201945048535,1
6,23.0,15,0.00375266189234229,0
6,23.0,16,0.004283535267005805,1
6,23.0,19,0.0034067927866342864,0
6,23.0,20,0.0029856164450933107,0
6,23.0,21,0.003395409102811739,0
6,23.0,22,0.0032903051956052975,0
6,23.0,23,0.003524879670499968,0
6,23.0,26,0.0035206230376025453,0
6,23.0,27,0.0032265504577506667,0
6,23.0,28,0.0029558203194098628,0
6,23.0,29,0.0030910263901877013,0
6,23.0,33,0.002941167172343252,0
6,23.0,34,0.0034287014515598734,0
6,23.0,35,0.0033435245212975286,0
6,23.0,36,0.0032907860537495248,0
6,23.0,37,0.003430488075436482,0
6,23.0,40,0.003553063097191935,0
6,23.0,41,0.0032557521662827777,0
6,23.0,42,0.003093255330681098,0
6,23.0,43,0.0031905216907633627,0
6,23.0,44,0.0036141575654816635,0
6,23.0,47,0.004161430393529966,0
6,23.0,48,0.003394744719590781,1
6,23.0,49,0.003557826964747192,0
6,23.0,50,0.0035400556037749934,0
7,0.5,1,0.11919567933979962,1
7,0.5,2,0.14799053401132373,1
7,0.5,3,0.15519860241993508,1
7,0.5,5,0.15670231668361292,1
7,0.5,6,0.1576773740985079,1
7,0.5,7,0.15777645484398584,0
7,0.5,8,0.15605733730074978,1
7,0.5,9,0.1599623387986725,1
7,0.5,10,0.16079228710263435,1
7,0.5,12,0.16074430464053116,0
7,0.5,13,0.16065629059521236,0
7,0.5,14,0.16287360419916205,1
7,0.5,15,0.16211383335846322,1
7,0.5,16,0.1621322077672152,0
7,0.5,19,0.1627112681140587,0
7,0.5,20,0.1636007995545569,1
7,0.5,21,0.1635127794643018,0
7,0.5,22,0.16333842921316624,0
7,0.5,23,0.16313240115440425,0
7,0.5,26,0.1640479300775045,0
7,0.5,27,0.1635046509733943,1
7,0.5,28,0.16451904367914294,1
7,0.5,29,0.16648839637140073,1
7,0.5,33,0.16482154742650865,0
7,0.5,34,0.16398352920871143,1
7,0.5,35,0.16503477192485752,1
7,0.5,36,0.16746833800884978,1
7,0.5,37,0.166603952058555,1
7,0.5,40,0.16736476892920424,0
7,0.5,41,0.16888946927642925,1
7,0.5,42,0.16714005375694832,1
7,0.5,43,0.16746145639627194,0
7,0.5,44,0.1664885472924678,1
7,0.5,47,0.16790609961455924,0
7,0.5,48,0.16802946722619017,0
7,0.5,49,0.1737819069565243,1
7,0.5,50,0.16912414172818244,2
7,2.0,1,0.12038659239991582,1
7,2.0,2,0.14697351573918252,1
7,2.0,3,0.15342904182575587,1
7,2.0,5,0.1564516387087157,1
7,2.0,6,0.15861084700255038,1
7,2.0,7,0.1574057016830451,1
7,2.0,8,0.15501779851774902,2
7,2.0,9,0.15993704172298226,1
7,2.0,10,0.16225678053364875,1
7,2.0,12,0.16096236603834416,1
7,2.0,13,0.16020604927857396,1
7,2.0,14,0.1606613945569234,0
7,2.0,15,0.1624800819828537,1
7,2.0,16,0.16216957216926461,0
7,2.0,19,0.1621573808867505,0
7,2.0,20,0.1620824041558304,0
7,2.0,21,0.16338824478406033,1
7,2.0,22,0.16246896734530145,1
7,2.0,23,0.16195512093739287,1
7,2.0,26,0.16257492359008807,0
7,2.0,27,0.1621699674824952,0
7,2.0,28,0.16220050202185599,0
7,2.0,29,0.1628388666880507,1
7,2.0,33,0.1638411356750534,0
7,2.0,34,0.16223676161198852,1
7,2.0,35,0.1630867756852439,1
7,2.0,36,0.16323239236930562,0
7,2.0,37,0.16253834087776634,1
7,2.0,40,0.16347395953316424,0
7,2.0,41,0.16344792240955416,0
7,2.0,42,0.16277377857865688,1
7,2.0,43,0.16278712761041997,0
7,2.0,44,0.1643493537805951,1
7,2.0,47,0.16197296802532485,1
7,2.0,48,0.16279709091794145,1
7,2.0,49,0.1637890616920509,1
7,2.0,50,0.16504792143771954,1
7,4.0,1,0.11816494474361135,1
7,4.0,2,0.14574104620782963,1
7,4.0,3,0.1542642831504818,1
7,4.0,5,0.15772278158017525,1
7,4.0,6,0.15764311000178619,0
7,4.0,7,0.1578843075996839,0
7,4.0,8,0.1565912655436796,1
7,4.0,9,0.16111248458033986,1
7,4.0,10,0.16276790618359546,1
7,4.0,12,0.16294751078398353,0
7,4.0,13,0.16339570716001273,0
7,4.0,14,0.16324911714504184,0
7,4.0,15,0.16336061402952634,0
7,4.0,16,0.16449676423976237,1
7,4.0,19,0.1649733097077463,0
7,4.0,20,0.16402972549608982,1
7,4.0,21,0.1639009942561608,0
7,4.0,22,0.16431616768317778,0
7,4.0,23,0.16444214751584185,0
7,4.0,26,0.16521991121787089,0
7,4.0,27,0.16373408387244195,1
7,4.0,28,0.16348659585390965,0
7,4.0,29,0.164376919243992,1
7,4.0,33,0.1644159440868486,0
7,4.0,34,0.16489561584322673,0
7,4.0,35,0.16487023366220996,0
7,4.0,36,0.16455118990072853,0
7,4.0,37,0.16376222655436135,1
7,4.0,40,0.16472755530626781,0
7,4.0,41,0.1652404516793271,1
7,4.0,42,0.16675746214395545,1
7,4.0,43,0.16621065605867702,1
7,4.0,44,0.1655926556982703,1
7,4.0,47,0.16605418223460489,0
7,4.0,48,0.16493791614146866,1
7,4.0,49,0.16550921405447006,1
7,4.0,50,0.16662479389918342,1
7,8.0,1,0.11774826034261449,1
7,8.0,2,0.14628564808268052,1
7,8.0,3,0.15467157713428573,1
7,8.0,5,0.15985652920436388,1
7,8.0,6,0.15759249464349256,2
7,8.0,7,0.15974100173218062,1
7,8.0,8,0.15812539824246746,1
7,8.0,9,0.16200522742270065,1
7,8.0,10,0.16369478482724414,1
7,8.0,12,0.16542132495658066,1
7,8.0,13,0.163923671459142,1
7,8.0,14,0.16396470120808807,0
7,8.0,15,0.1637957495989936,0
7,8.0,16,0.16423780396790963,0
7,8.0,19,0.1650746220132286,0
7,8.0,20,0.1642956719618476,1
7,8.0,21,0.16518346562882705,1
7,8.0,22,0.1664445498532132,1
7,8.0,23,0.1650001764786039,1
7,8.0,26,0.16684489733441024,1
7,8.0,27,0.16465636202074305,2
7,8.0,28,0.16500778973899116,0
7,8.0,29,0.16677435059843593,1
7,8.0,33,0.1653338982603657,0
7,8.0,34,0.16627188454038627,1
7,8.0,35,0.16446310775367032,1
7,8.0,36,0.16689396268357062,1
7,8.0,37,0.1656815767125279,1
7,8.0,40,0.1669360800394232,0
7,8.0,41,0.16712065737413254,0
7,8.0,42,0.1660749756701633,1
7,8.0,43,0.16758251424440837,1
7,8.0,44,0.16632118426463996,1
7,8.0,47,0.1673710907204022,0
7,8.0,48,0.16715406273978164,0
7,8.0,49,0.1677214891664295,1
7,8.0,50,0.16742626940634933,0
7,12.0,1,0.11948634563930839,1
7,12.0,2,0.14496307181326756,1
7,12.0,3,0.15456748775145876,1
7,12.0,5,0.15948802729749054,1
7,12.0,6,0.15886391712228318,1
7,12.0,7,0.15947123528224208,1
7,12.0,8,0.15826508259618335,1
7,12.0,9,0.16056646721865617,1
7,12.0,10,0.16333114995829567,1
7,12.0,12,0.16569019841506247,1
7,12.0,13,0.16419143867833255,1
7,12.0,14,0.16550625870989305,1
7,12.0,15,0.16439765635767709,1
7,12.0,16,0.1642288290283999,0
7,12.0,19,0.1664146402209936,1
7,12.0,20,0.16526062676193018,1
7,12.0,21,0.16511020295555692,0
7,12.0,22,0.16606740170264014,1
7,12.0,23,0.16608982668873204,0
7,12.0,26,0.1663143694091703,0
7,12.0,27,0.16650772957918566,0
7,12.0,28,0.16504619041053445,1
7,12.0,29,0.16561269438984813,1
7,12.0,33,0.16555925258030132,0
7,12.0,34,0.16593461464011072,0
7,12.0,35,0.16635810931110473,0
7,12.0,36,0.16428361278957382,2
7,12.0,37,0.16657618174376163,1
7,12.0,40,0.16860551992909178,1
7,12.0,41,0.16532009400660097,2
7,12.0,42,0.16900867412513074,1
7,12.0,43,0.1669736512950131,2
7,12.0,44,0.16730032239859824,0
7,12.0,47,0.16532760289614004,1
7,12.0,48,0.16829006594533677,1
7,12.0,49,0.1668417941657809,1
7,12.0,50,0.16741842763973025,1
7,16.0,1,0.11906609017798965,1
7,16.0,2,0.14528376848510294,1
7,16.0,3,0.15302688296989572,1
7,16.0,5,0.1600174362624517,1
7,16.0,6,0.16008365236070088,0
7,16.0,7,0.16075539116994422,1
7,16.0,8,0.15793277354062385,2
7,16.0,9,0.1623336503435605,1
7,16.0,10,0.1650485118599981,1
7,16.0,12,0.16446913781473615,0
7,16.0,13,0.16405782407807942,0
7,16.0,14,0.16442709441521017,0
7,16.0,15,0.16570311594702128,1
7,16.0,16,0.16649480205127776,1
7,16.0,19,0.1647502368865791,1
7,16.0,20,0.1641491148610805,1
7,16.0,21,0.1666403293875309,1
7,16.0,22,0.1658266812767433,1
7,16.0,23,0.16527630809622118,1
7,16.0,26,0.16714750352598431,1
7,16.0,27,0.16653265654457447,1
7,16.0,28,0.16583193634128637,1
7,16.0,29,0.16645181104965606,1
7,16.0,33,0.16705764509894075,0
7,16.0,34,0.1673076304727907,0
7,16.0,35,0.16616475245758203,1
7,16.0,36,0.16505304477130162,1
7,16.0,37,0.1676309189881585,1
7,16.0,40,0.16719813331624955,0
7,16.0,41,0.16736344622149288,0
7,16.0,42,0.1659558744994042,1
7,16.0,43,0.1696441949814719,1
7,16.0,44,0.16753640868649233,2
7,16.0,47,0.16898890161676838,0
7,16.0,48,0.16906843557729592,0
7,16.0,49,0.16763230765794587,1
7,16.0,50,0.1694238046757106,1
7,18.0,1,0.11737643545501852,1
7,18.0,2,0.14376859762787272,1
7,18.0,3,0.04613717757074664,2
7,18.0,5,0.0019465090200693853,2
7,18.0,6,0.0020719561060466023,0
7,18.0,7,0.0017838813242384737,0
7,18.0,8,0.0007722774564136238,1
7,18.0,9,0.002107918460033309,1
7,18.0,10,0.0026630445379903223,1
7,18.0,12,0.002680832544438129,0
7,18.0,13,0.002386938897816435,0
7,18.0,14,0.0027390512590142416,0
7,18.0,15,0.0025222691750336566,0
7,18.0,16,0.002855515298919347,0
7,18.0,19,0.0024975314781162513,0
7,18.0,20,0.0028154722302700212,0
7,18.0,21,0.002829241912207823,0
7,18.0,22,0.0029988388497976942,0
7,18.0,23,0.0027407691266916,0
7,18.0,26,0.0025874000013925997,0
7,18.0,27,0.0027480179706131946,0
7,18.0,28,0.0028444751599411328,0
7,18.0,29,0.003099379161312239,0
7,18.0,33,0.0026214114382757682,0
7,18.0,34,0.0024843888012499754,0
7,18.0,35,0.0028156898688697237,0
7,18.0,36,0.0024449442540244045,0
7,18.0,37,0.003148459170039019,1
7,18.0,40,0.0030013030445523296,0
7,18.0,41,0.0029630550807908987,0
7,18.0,42,0.002814194938089711,0
7,18.0,43,0.0028635171694357526,0
7,18.0,44,0.002982689997407625,0
7,18.0,47,0.0029362210851625217,0
7,18.0,48,0.00312127145150665,0
7,18.0,49,0.002912180296317493,0
7,18.0,50,0.003270497106169643,0
7,20.0,1,0.1179156995958644,1
7,20.0,2,0.0027141221433624025,2
7,20.0,3,0.0026277883765009956,0
7,20.0,5,0.0018333592357219174,0
7,20.0,6,0.001841543302524979,0
7,20.0,7,0.0019773474016185834,0
7,20.0,8,0.000826828211339654,1
7,20.0,9,0.0020147907994105953,1
7,20.0,10,0.0025667267539136703,1
7,20.0,12,0.002620927035747454,0
7,20.0,13,0.0023246124243044186,0
7,20.0,14,0.0027263937186726554,0
7,20.0,15,0.0023755027863742247,0
7,20.0,16,0.0026889078371620523,0
7,20.0,19,0.0028944551460712326,0
7,20.0,20,0.0027410649751256357,0
7,20.0,21,0.0026165984159920463,0
7,20.0,22,0.0030825186288989744,0
7,20.0,23,0.002695172487824584,0
7,20.0,26,0.0026743136344510882,0
7,20.0,27,0.002959088869085341,0
7,20.0,28,0.003001280213360371,0
7,20.0,29,0.00298184979372723,0
7,20.0,33,0.0028760666994602194,0
7,20.0,34,0.0030717820370222393,0
7,20.0,35,0.002974199950474894,0
7,20.0,36,0.0028406570986427566,0
7,20.0,37,0.0030727718575388144,0
7,20.0,40,0.003236677653195088,0
7,20.0,41,0.0029537571940686153,0
7,20.0,42,0.0031004229335952946,0
7,20.0,43,0.0031156812252437424,0
7,20.0,44,0.003068380252090342,0
7,20.0,47,0.003048611439880154,0
7,20.0,48,0.0031021905879295504,0
7,20.0,49,0.002965285876321403,0
7,20.0,50,0.003236661835091767,0
7,23.0,1,0.11805995230587757,1
7,23.0,2,0.0025931919029280456,2
7,23.0,3,0.0028461900677274506,0
7,23.0,5,0.0020136147965564327,0
7,23.0,6,0.0022200962273829063,0
7,23.0,7,0.0017092090474278216,1
7,23.0,8,0.0010042180114466913,1
7,23.0,9,0.002456730988117137,1
7,23.0,10,0.002851067472721468,0
7,23.0,12,0.0025927104796658732,0
7,23.0,13,0.002101145106570456,0
7,23.0,14,0.0028256326689075715,1
7,23.0,15,0.0025668560873166654,0
7,23.0,16,0.002791538906544107,0
7,23.0,19,0.002670685353023524,0
7,23.0,20,0.002850352286955477,0
7,23.0,21,0.0029398200034953218,0
7,23.0,22,0.002881896702812541,0
7,23.0,23,0.00290217555469016,0
7,23.0,26,0.002806188723847088,0
7,23.0,27,0.002864577104714558,0
7,23.0,28,0.00325451665484355,0
7,23.0,29,0.0028860960609011625,0
7,23.0,33,0.002850284022979027,0
7,23.0,34,0.0027295704470394247,0
7,23.0,35,0.002794510123478464,0
7,23.0,36,0.002836826371806749,0
7,23.0,37,0.003024538491031107,0
7,23.0,40,0.0029852354465673323,0
7,23.0,41,0.0029976190667894936,0
7,23.0,42,0.0030679294814553366,0
7,23.0,43,0.003177671491692596,0
7,23.0,44,0.0030150477314292035,0
7,23.0,47,0.002948336172516945,0
7,23.0,48,0.0031440193262346518,0
7,23.0,49,0.003586212808692277,0
7,23.0,50,0.0032120000901162305,0
8,0.5,1,0.18456973825956705,1
8,0.5,2,0.1881088442985309,1
8,0.5,4,0.21470724344303804,1
8,0.5,5,0.21840572271498615,1
8,0.5,6,0.22165319824226284,1
8,0.5,7,0.21916874161640432,2
8,0.5,8,0.2259282069197849,1
8,0.5,9,0.22750157293376785,1
8,0.5,11,0.22742750546104365,0
8,0.5,12,0.22656104870704707,1
8,0.5,13,0.22909019771256345,1
8,0.5,14,0.22798123913504506,1
8,0.5,15,0.23241557404149063,1
8,0.5,18,0.23218724057597448,0
8,0.5,19,0.23323564630725022,1
8,0.5,20,0.23322132722784214,0
8,0.5,21,0.2323594786998701,1
8,0.5,22,0.23282098992251998,0
8,0.5,25,0.2345538281926025,1
8,0.5,26,0.2360222258962188,1
8,0.5,27,0.2353873022364181,1
8,0.5,28,0.23651923765719207,1
8,0.5,32,0.23772639985551078,0
8,0.5,33,0.24104387388058923,1
8,0.5,34,0.2388284451432023,2
8,0.5,35,0.2469074603501299,1
8,0.5,36,0.24317266366831639,2
8,0.5,39,0.24311626510037068,0
8,0.5,40,0.2459061606033728,1
8,0.5,41,0.24288794325389837,2
8,0.5,42,0.24340724172189118,1
8,0.5,43,0.2436452802108968,0
8,0.5,46,0.2476431933583706,1
8,0.5,47,0.24706318213288392,1
8,0.5,48,0.24813995210383416,1
8,0.5,49,0.24623163372325865,1
8,0.5,50,0.24852229536080098,1
8,2.0,1,0.18515636158543092,1
8,2.0,2,0.18996264614592176,1
8,2.0,4,0.19736699751239672,1
8,2.0,5,0.20458271054972663,1
8,2.0,6,0.2090203869940156,1
8,2.0,7,0.20940846594143614,0
8,2.0,8,0.217043043755085,1
8,2.0,9,0.22047353953719792,1
8,2.0,11,0.22333150387094128,1
8,2.0,12,0.22123962088309745,2
8,2.0,13,0.22317898639975953,1
8,2.0,14,0.22474918181060835,1
8,2.0,15,0.22462431227404886,0
8,2.0,18,0.2253659629828455,0
8,2.0,19,0.22690493310618895,1
8,2.0,20,0.22903859964060422,1
8,2.0,21,0.22877383291471234,0
8,2.0,22,0.23046125933137399,1
8,2.0,25,0.22879964207999093,1
8,2.0,26,0.23068371536755616,1
8,2.0,27,0.23084713260202525,0
8,2.0,28,0.2305400008454319,0
8,2.0,32,0.23294386891617924,1
8,2.0,33,0.23161846640208525,1
8,2.0,34,0.23178373365808633,0
8,2.0,35,0.23052372459317025,1
8,2.0,36,0.23207516763096825,1
8,2.0,39,0.23423856894477457,1
8,2.0,40,0.2338881638284931,0
8,2.0,41,0.23309577778350013,1
8,2.0,42,0.2350730268230302,1
8,2.0,43,0.2352059608002879,0
8,2.0,46,0.23542623690213507,0
8,2.0,47,0.23105098631650264,2
8,2.0,48,0.233895806199487,1
8,2.0,49,0.2336981625914107,0
8,2.0,50,0.2341212236007467,0
8,4.0,1,0.18394485320544732,1
8,4.0,2,0.187715152868879,1
8,4.0,4,0.18913238700576337,1
8,4.0,5,0.19293430524928576,1
8,4.0,6,0.19664031067232482,1
8,4.0,7,0.19807971575544822,1
8,4.0,8,0.20511561900664554,1
8,4.0,9,0.21088712940169319,1
8,4.0,11,0.2144463645726474,1
8,4.0,12,0.2156216455815333,1
8,4.0,13,0.21946154850364316,1
8,4.0,14,0.21926690571931443,0
8,4.0,15,0.2177233246317708,1
8,4.0,18,0.22268821753439108,1
8,4.0,19,0.22473525776144657,1
8,4.0,20,0.22615076640591084,1
8,4.0,21,0.22443879912621023,1
8,4.0,22,0.22799323305214314,1
8,4.0,25,0.2247553870394018,1
8,4.0,26,0.22521742999923663,0
8,4.0,27,0.22539714222673854,0
8,4.0,28,0.22652951785859587,1
8,4.0,32,0.22958895381375113,1
8,4.0,33,0.22667948691976628,2
8,4.0,34,0.22988322397118424,1
8,4.0,35,0.23126077456223068,1
8,4.0,36,0.23391950848592677,1
8,4.0,39,0.2316889854802184,1
8,4.0,40,0.23094803163690683,1
8,4.0,41,0.22968889599355916,1
8,4.0,42,0.23177531481959293,1
8,4.0,43,0.2322074221064716,0
8,4.0,46,0.2312622636317673,0
8,4.0,47,0.2307713500311357,0
8,4.0,48,0.23148693911073429,1
8,4.0,49,0.23103945592013642,0
8,4.0,50,0.22965474590971005,1
8,8.0,1,0.185862037966554,1
8,8.0,2,0.18880372103197818,1
8,8.0,4,0.1866487248159957,1
8,8.0,5,0.18615231728229217,0
8,8.0,6,0.18891233273763108,1
8,8.0,7,0.1866157718771304,2
8,8.0,8,0.19348553633373458,1
8,8.0,9,0.1965996272367043,1
8,8.0,11,0.20155269820873523,1
8,8.0,12,0.2035808966924004,1
8,8.0,13,0.20762596723664883,1
8,8.0,14,0.20704505326413378,1
8,8.0,15,0.21067662774417406,1
8,8.0,18,0.21469283384247675,1
8,8.0,19,0.2166647991303782,1
8,8.0,20,0.21794431504105358,1
8,8.0,21,0.21808873086148658,0
8,8.0,22,0.21699751130383718,1
8,8.0,25,0.2219580137040493,1
8,8.0,26,0.22109797056826808,1
8,8.0,27,0.22233251047840777,1
8,8.0,28,0.22104800166157243,1
8,8.0,32,0.2261708705718607,1
8,8.0,33,0.22582226212990766,0
8,8.0,34,0.22505991908273484,1
8,8.0,35,0.2276960401857121,1
8,8.0,36,0.22632203427672345,1
8,8.0,39,0.2273101728086645,0
8,8.0,40,0.2271779270883638,0
8,8.0,41,0.22869550257593016,1
8,8.0,42,0.2273501529121501,1
8,8.0,43,0.22965327597669163,1
8,8.0,46,0.23050832332909255,0
8,8.0,47,0.22868271664518577,1
8,8.0,48,0.2275340850493807,1
8,8.0,49,0.2302075359117598,1
8,8.0,50,0.22978211571541196,0
8,12.0,1,0.18694819085581438,1
8,12.0,2,0.18893663178372677,1
8,12.0,4,0.1838174197385403,2
8,12.0,5,0.18514128894227166,1
8,12.0,6,0.18608587031946164,1
8,12.0,7,0.18456749435613373,1
8,12.0,8,0.19019282974838225,1
8,12.0,9,0.19011849603021128,0
8,12.0,11,0.19909431968912553,1
8,12.0,12,0.1974992046594535,1
8,12.0,13,0.20175290281426791,1
8,12.0,14,0.20232976493532207,1
8,12.0,15,0.20274398160470522,0
8,12.0,18,0.2092568482524613,1
8,12.0,19,0.21208977373131588,1
8,12.0,20,0.21417191883137654,1
8,12.0,21,0.21443283510287037,0
8,12.0,22,0.2153542426318664,1
8,12.0,25,0.21843753783038442,1
8,12.0,26,0.21946901565781118,1
8,12.0,27,0.22053000071383835,1
8,12.0,28,0.21893024021172833,1
8,12.0,32,0.22287359958912137,1
8,12.0,33,0.22489423656626686,1
8,12.0,34,0.22363106253219464,1
8,12.0,35,0.22261598003916708,1
8,12.0,36,0.22608163207457263,1
8,12.0,39,0.22675264136477313,0
8,12.0,40,0.2243858914978111,2
8,12.0,41,0.22531718131176406,1
8,12.0,42,0.22744621489513503,1
8,12.0,43,0.22916970343526813,1
8,12.0,46,0.2287254291059834,0
8,12.0,47,0.2281896746377743,1
8,12.0,48,0.22745652938402186,1
8,12.0,49,0.2295542759776897,1
8,12.0,50,0.2286300645220594,1
8,16.0,1,0.186192783477132,1
8,16.0,2,0.18858107885908257,1
8,16.0,4,0.18454671675523518,2
8,16.0,5,0.18482160696832337,0
8,16.0,6,0.18544531147253282,1
8,16.0,7,0.1829053826773879,2
8,16.0,8,0.19005489549695262,1
8,16.0,9,0.19422096244702702,1
8,16.0,11,0.19550120769013069,1
8,16.0,12,0.19664179991393071,1
8,16.0,13,0.19923997141626806,1
8,16.0,14,0.2013973137797371,1
8,16.0,15,0.20217497749884963,1
8,16.0,18,0.20490260665075036,1
8,16.0,19,0.20872195707098437,1
8,16.0,20,0.21103787912096605,1
8,16.0,21,0.21026590930329694,1
8,16.0,22,0.21265676322755414,1
8,16.0,25,0.21541357163791533,1
8,16.0,26,0.2162655057383189,1
8,16.0,27,0.21652679747481227,0
8,16.0,28,0.21822093821672794,1
8,16.0,32,0.21974118544806429,0
8,16.0,33,0.22084762153555162,1
8,16.0,34,0.22157099688316684,1
8,16.0,35,0.22118099775706515,0
8,16.0,36,0.2257308837769975,1
8,16.0,39,0.22732640560556525,1
8,16.0,40,0.22544164013986379,1
8,16.0,41,0.22482025820288054,1
8,16.0,42,0.22680013529358015,1
8,16.0,43,0.2273135938353459,1
8,16.0,46,0.22872699544436612,0
8,16.0,47,0.22727575713479423,1
8,16.0,48,0.2271342216170037,0
8,16.0,49,0.2285856415642985,1
8,16.0,50,0.22748942473365585,1
8,18.0,1,0.18471470310005247,1
8,18.0,2,0.18642707015571558,1
8,18.0,4,0.18625849684157125,0
8,18.0,5,0.18626380068679183,0
8,18.0,6,0.18495859900288728,1
8,18.0,7,0.1829397154071325,2
8,18.0,8,0.19097844264917418,1
8,18.0,9,0.19067230409149447,0
8,18.0,11,0.1952963734998268,1
8,18.0,12,0.19705287767500554,1
8,18.0,13,0.19770068922133252,1
8,18.0,14,0.19903899336588102,1
8,18.0,15,0.2016784544239512,1
8,18.0,18,0.20267096948198912,0
8,18.0,19,0.20627853353865463,1
8,18.0,20,0.20598034545758806,0
8,18.0,21,0.2089085625114364,1
8,18.0,22,0.2083040079844525,1
8,18.0,25,0.21300717913041475,1
8,18.0,26,0.21176943206866272,1
8,18.0,27,0.21433322641831176,1
8,18.0,28,0.21619908174714317,1
8,18.0,32,0.2180403542118647,0
8,18.0,33,0.21956039965958332,1
8,18.0,34,0.21636122699897883,2
8,18.0,35,0.22099416296802596,1
8,18.0,36,0.21943330097386493,1
8,18.0,39,0.22282400815742723,1
8,18.0,40,0.2230452211994796,0
8,18.0,41,0.22383377840509674,1
8,18.0,42,0.22522491938663033,1
8,18.0,43,0.2240848603672696,1
8,18.0,46,0.22497286563986155,0
8,18.0,47,0.22238771447647923,2
8,18.0,48,0.22440820195530944,1
8,18.0,49,0.22626747493434693,1
8,18.0,50,0.22683900084105205,1
8,20.0,1,0.18550845356107548,1
8,20.0,2,0.19089993975445194,1
8,20.0,4,0.18830088442580992,1
8,20.0,5,0.18784476651980006,0
8,20.0,6,0.19188491048003406,1
8,20.0,7,0.1824298338617969,2
8,20.0,8,0.18993964036536312,1
8,20.0,9,0.19029737409466954,0
8,20.0,11,0.19388261663314565,1
8,20.0,12,0.19509693420540564,1
8,20.0,13,0.19618280043607952,1
8,20.0,14,0.19760779267618447,1
8,20.0,15,0.19901813151767223,1
8,20.0,18,0.20679280867395144,1
8,20.0,19,0.20430992991874544,2
8,20.0,20,0.2074599999498722,1
8,20.0,21,0.20677121607085233,1
8,20.0,22,0.2089910254262041,1
8,20.0,25,0.21020873460520909,0
8,20.0,26,0.2133761186167414,1
8,20.0,27,0.21360862917299206,0
8,20.0,28,0.21773903252194907,1
8,20.0,32,0.2195983282620774,0
8,20.0,33,0.2206261106979807,1
8,20.0,34,0.22007912193467874,1
8,20.0,35,0.221429189591722,1
8,20.0,36,0.22111416929945552,0
8,20.0,39,0.22536114605682908,1
8,20.0,40,0.2236173319427439,1
8,20.0,41,0.22517400476880514,1
8,20.0,42,0.22857386447938666,1
8,20.0,43,0.2279283620964968,1
8,20.0,46,0.22883419721209677,0
8,20.0,47,0.2165137065428021,2
8,20.0,48,0.22221495471551686,1
8,20.0,49,0.2188276902380983,2
8,20.0,50,0.2199914416697514,1
8,23.0,1,0.18660287798892602,1
8,23.0,2,0.18905143244860992,1
8,23.0,4,0.18277205237208316,2
8,23.0,5,0.1857499548363738,1
8,23.0,6,0.19012136219789463,1
8,23.0,7,0.1882557039804206,1
8,23.0,8,0.19582247180348733,1
8,23.0,9,0.196104093681947,0
8,23.0,11,0.19522761361546145,0
8,23.0,12,0.18197354433510723,2
8,23.0,13,0.04206816678490286,2
8,23.0,14,0.010624639968558428,2
8,23.0,15,0.0010950056022038582,2
8,23.0,18,0.0009509700560620221,0
8,23.0,19,0.001055817117410638,0
8,23.0,20,0.0013770737872827504,0
8,23.0,21,0.0012427193143383492,0
8,23.0,22,0.001335541465219424,0
8,23.0,25,0.001314496898607791,0
8,23.0,26,0.001061250669380747,0
8,23.0,27,0.00120399283681176,0
8,23.0,28,0.001184120589564759,0
8,23.0,32,0.001395901856848795,0
8,23.0,33,0.0011914153871291063,0
8,23.0,34,0.001136390743798332,0
8,23.0,35,0.0010748176961092204,0
8,23.0,36,0.0013378700514801937,0
8,23.0,39,0.0016162138544494706,0
8,23.0,40,0.0010774840356610387,1
8,23.0,41,0.0014544433412620246,0
8,23.0,42,0.0011413322765602436,0
8,23.0,43,0.0016314496501396818,0
8,23.0,46,0.001556575853316649,0
8,23.0,47,0.0014972539151872626,0
8,23.0,48,0.0015672537083681905,0
8,23.0,49,0.0018900972578910595,0
8,23.0,50,0.001597966179692453,0
9,0.5,1,0.09278626896751607,1
9,0.5,2,0.09942963542146692,1
9,0.5,3,0.10712326999733306,1
9,0.5,4,0.10917280698357322,1
9,0.5,7,0.11489206064290745,1
9,0.5,8,0.11863181611579819,1
9,0.5,9,0.12099747656535832,1
9,0.5,10,0.1217970357279467,1
9,0.5,11,0.12189185941630411,0
9,0.5,14,0.12410464550521366,1
9,0.5,15,0.125593423934546,1
9,0.5,16,0.12604745883344132,0
9,0.5,17,0.1267397263571172,1
9,0.5,18,0.12597572627001138,1
9,0.5,21,0.12845883180850817,1
9,0.5,22,0.12898231627358733,1
9,0.5,23,0.1292107800231958,0
9,0.5,24,0.130252083346353,1
9,0.5,25,0.13020786937246354,0
9,0.5,28,0.1300423739115878,0
9,0.5,29,0.13009320101852853,0
9,0.5,30,0.13076307038023557,1
9,0.5,31,0.13074969161571656,0
9,0.5,32,0.13104286377721672,0
9,0.5,35,0.13137560712066498,0
9,0.5,36,0.13310768005974438,1
9,0.5,37,0.13275982345088141,0
9,0.5,38,0.13247464663951336,0
9,0.5,39,0.1328847146860045,0
9,0.5,42,0.1255988083993696,2
9,0.5,43,0.13159700796931592,1
9,0.5,44,0.13283563580127536,1
9,0.5,45,0.13389447324757994,1
9,0.5,49,0.13292374739850524,0
9,0.5,50,0.12497132345231539,2
9,0.5,51,0.1287294048124125,1
9,0.5,52,0.1315595430446503,1
9,0.5,53,0.13260296901567434,1
9,0.5,56,0.13433713309949843,1
9,0.5,57,0.1328992780040993,1
9,0.5,58,0.1337484441345673,1
9,0.5,59,0.133902819342631,0
9,0.5,60,0.13419176045962228,0
9,0.5,63,0.13472899049266499,0
9,0.5,64,0.1331477466116237,1
9,0.5,65,0.13407019935143308,1
9,0.5,66,0.13344568021873462,1
9,0.5,70,0.13456900111482617,0
9,0.5,71,0.1338967834841339,1
9,0.5,72,0.13469141168520074,1
9,0.5,73,0.13163735076204094,2
9,0.5,77,0.13092680872869664,0
9,2.0,1,0.09273670908007753,1
9,2.0,2,0.09369732972090034,1
9,2.0,3,0.09645637097787396,1
9,2.0,4,0.09945857443772606,1
9,2.0,7,0.1059248412787356,1
9,2.0,8,0.11070836333459388,1
9,2.0,9,0.11222832857996068,1
9,2.0,10,0.11331991010864999,1
9,2.0,11,0.11349804788032393,0
9,2.0,14,0.11598677503172611,1
9,2.0,15,0.11810264017248256,1
9,2.0,16,0.11962772374175756,1
9,2.0,17,0.11974292772162214,0
9,2.0,18,0.12103920743277378,1
9,2.0,21,0.12124912433945446,0
9,2.0,22,0.12210719642541175,1
9,2.0,23,0.12346361775885632,1
9,2.0,24,0.12363131986498854,0
9,2.0,25,0.1241214715909751,0
9,2.0,28,0.12410157949218398,0
9,2.0,29,0.1250406978834896,1
9,2.0,30,0.12606231061398565,1
9,2.0,31,0.12497784314123624,1
9,2.0,32,0.12598521942757737,1
9,2.0,35,0.1264044618639875,0
9,2.0,36,0.1277528481520851,1
9,2.0,37,0.12803504876296115,0
9,2.0,38,0.12800653553953645,0
9,2.0,39,0.12771421815715142,0
9,2.0,42,0.12066813434550594,2
9,2.0,43,0.12641552836367698,1
9,2.0,44,0.12794399121010794,1
9,2.0,45,0.12936544763164065,1
9,2.0,49,0.1262531397220168,1
9,2.0,50,0.11988469207692676,2
9,2.0,51,0.12341052140188631,1
9,2.0,52,0.1265819254661664,1
9,2.0,53,0.12756728329816108,1
9,2.0,56,0.1299006470662362,1
9,2.0,57,0.12873178483647632,1
9,2.0,58,0.13061677665710206,1
9,2.0,59,0.13059988238111894,0
9,2.0,60,0.1302270711316978,0
9,2.0,63,0.13060124178224816,0
9,2.0,64,0.12935027523364062,1
9,2.0,65,0.13009014948643507,1
9,2.0,66,0.13013830743702545,0
9,2.0,70,0.13045608435985825,0
9,2.0,71,0.12996112118697126,0
9,2.0,72,0.13040704784388493,0
9,2.0,73,0.12836816801353765,2
9,2.0,77,0.1278368049751937,0
9,4.0,1,0.0929625256789623,1
9,4.0,2,0.0924886731910151,0
9,4.0,3,0.09312455691213012,1
9,4.0,4,0.09372892198461659,1
9,4.0,7,0.0996449755470765,1
9,4.0,8,0.10262377976880266,1
9,4.0,9,0.1045322369882914,1
9,4.0,10,0.10559706365872361,1
9,4.0,11,0.1068051447424787,1
9,4.0,14,0.11058303542916857,1
9,4.0,15,0.11250710148934236,1
9,4.0,16,0.11341195423191829,1
9,4.0,17,0.1133271939373659,0
9,4.0,18,0.11442758597669105,1
9,4.0,21,0.11618534054869901,1
9,4.0,22,0.11693793848693362,1
9,4.0,23,0.11765829258869047,1
9,4.0,24,0.11790906376927851,0
9,4.0,25,0.11809877067332487,0
9,4.0,28,0.11879153942011973,0
9,4.0,29,0.12066096127494254,1
9,4.0,30,0.1205985270231819,0
9,4.0,31,0.12101191321747555,0
9,4.0,32,0.12111376025576646,0
9,4.0,35,0.12149837954538338,0
9,4.0,36,0.1234795200990617,1
9,4.0,37,0.12293799458934802,1
9,4.0,38,0.12272662771110172,0
9,4.0,39,0.12362573320100752,1
9,4.0,42,0.11708898958335029,2
9,4.0,43,0.12237251291357809,1
9,4.0,44,0.12476060389768552,1
9,4.0,45,0.12384083371591441,1
9,4.0,49,0.12364992902950812,0
9,4.0,50,0.11706929690182655,2
9,4.0,51,0.12140142818749584,1
9,4.0,52,0.12304983720268747,1
9,4.0,53,0.12382464939581996,1
9,4.0,56,0.12546366785919805,1
9,4.0,57,0.12555514418222666,0
9,4.0,58,0.12675446173487426,1
9,4.0,59,0.12698545867080777,0
9,4.0,60,0.12614383938351267,1
9,4.0,63,0.12694392614224487,0
9,4.0,64,0.12586705420452643,1
9,4.0,65,0.12662948481675518,1
9,4.0,66,0.12646435800027958,0
9,4.0,70,0.12627198479335636,0
9,4.0,71,0.12714371971252522,1
9,4.0,72,0.12732703005879378,0
9,4.0,73,0.12540137563077836,1
9,4.0,77,0.12495602694378538,0
9,8.0,1,0.09241145176135812,1
9,8.0,2,0.09283306011233057,0
9,8.0,3,0.09300486068073083,0
9,8.0,4,0.09324835099583356,0
9,8.0,7,0.0934095284164495,0
9,8.0,8,0.09441815127386194,1
9,8.0,9,0.09559735885069032,1
9,8.0,10,0.09705600230458582,1
9,8.0,11,0.09870123915721409,1
9,8.0,14,0.10123982632466073,1
9,8.0,15,0.10297406684639271,1
9,8.0,16,0.10412826294784622,1
9,8.0,17,0.10467277440992111,1
9,8.0,18,0.10621262191068458,1
9,8.0,21,0.1085295164498206,1
9,8.0,22,0.10819878918422222,0
9,8.0,23,0.11041819467654011,1
9,8.0,24,0.11067515663897919,0
9,8.0,25,0.11133889580377276,1
9,8.0,28,0.11191143204515998,0
9,8.0,29,0.11259555166615698,1
9,8.0,30,0.11387167208389921,1
9,8.0,31,0.11370083084912201,0
9,8.0,32,0.11448616342694666,1
9,8.0,35,0.11566708511091715,0
9,8.0,36,0.11554142325451498,0
9,8.0,37,0.11572027833316294,0
9,8.0,38,0.11660670716667683,1
9,8.0,39,0.11663284969910236,0
9,8.0,42,0.11137596689442236,1
9,8.0,43,0.11566027714864603,1
9,8.0,44,0.11697310262821438,1
9,8.0,45,0.11842305563486788,1
9,8.0,49,0.11804007199439824,0
9,8.0,50,0.11096614356679864,2
9,8.0,51,0.11547479596355788,1
9,8.0,52,0.11754445918287433,1
9,8.0,53,0.11825503120014658,1
9,8.0,56,0.11988514169028308,1
9,8.0,57,0.12020838849251785,0
9,8.0,58,0.12018027570207668,0
9,8.0,59,0.1218464665770033,1
9,8.0,60,0.12075031492201312,1
9,8.0,63,0.12110105451973618,0
9,8.0,64,0.12060178072431064,0
9,8.0,65,0.12063165578283909,0
9,8.0,66,0.12091577660561299,0
9,8.0,70,0.12223669326051408,0
9,8.0,71,0.12182018598532911,0
9,8.0,72,0.12278757823603083,1
9,8.0,73,0.12039108984640375,2
9,8.0,77,0.11963495685406449,0
9,12.0,1,0.09266257014741151,1
9,12.0,2,0.09256791305499897,0
9,12.0,3,0.09284735457961657,0
9,12.0,4,0.092924942874907,0
9,12.0,7,0.0924154360192553,0
9,12.0,8,0.09344213333311878,1
9,12.0,9,0.09442269490067391,1
9,12.0,10,0.09729804354300649,1
9,12.0,11,0.09508904271583025,2
9,12.0,14,0.09639133916473408,0
9,12.0,15,0.09775050755587579,1
9,12.0,16,0.09939610858932933,1
9,12.0,17,0.09954489565934403,0
9,12.0,18,0.10001269181064547,0
9,12.0,21,0.10285929689358841,1
9,12.0,22,0.10308901332195575,0
9,12.0,23,0.10425272982429118,1
9,12.0,24,0.10421334456209859,0
9,12.0,25,0.10585174039930517,1
9,12.0,28,0.1067352501709314,0
9,12.0,29,0.10655184286508075,0
9,12.0,30,0.10796087694199054,1
9,12.0,31,0.10885552952839565,1
9,12.0,32,0.108683484655051,0
9,12.0,35,0.11068801093533272,1
9,12.0,36,0.11085555282955102,0
9,12.0,37,0.11159295755488625,1
9,12.0,38,0.1117608809439694,0
9,12.0,39,0.11107331346383154,1
9,12.0,42,0.10638958207164016,1
9,12.0,43,0.11098854424293532,1
9,12.0,44,0.11313059041787088,1
9,12.0,45,0.11315400974413138,0
9,12.0,49,0.11354020164082873,0
9,12.0,50,0.1069562063900616,2
9,12.0,51,0.11096055066932424,1
9,12.0,52,0.11269751972940394,1
9,12.0,53,0.11405547263214551,1
9,12.0,56,0.11644942525570989,1
9,12.0,57,0.11508537451686672,1
9,12.0,58,0.11639804841106421,1
9,12.0,59,0.11716672567411228,1
9,12.0,60,0.116119795474897,1
9,12.0,63,0.11795846484721269,1
9,12.0,64,0.11671555556441031,1
9,12.0,65,0.11816444277024142,1
9,12.0,66,0.11746050478955056,1
9,12.0,70,0.11847527681791614,0
9,12.0,71,0.11785666912441393,1
9,12.0,72,0.11812407656047998,0
9,12.0,73,0.11677787573570325,1
9,12.0,77,0.11659075427776971,0
9,16.0,1,0.09272206274920952,1
9,16.0,2,0.09306634425695386,0
9,16.0,3,0.09273850972326768,0
9,16.0,4,0.0927345816912545,0
9,16.0,7,0.09254184128147801,0
9,16.0,8,0.09311862280484078,1
9,16.0,9,0.09414125366305894,1
9,16.0,10,0.09446619092106566,0
9,16.0,11,0.09488040817572434,0
9,16.0,14,0.09548722875077752,0
9,16.0,15,0.09548850377236573,0
9,16.0,16,0.09668525555008624,1
9,16.0,17,0.09682817248716417,0
9,16.0,18,0.09772943799097177,1
9,16.0,21,0.0989601860418584,0
9,16.0,22,0.09938679020102666,0
9,16.0,23,0.10038555201308909,1
9,16.0,24,0.10053237764410843,0
9,16.0,25,0.10132594400746338,1
9,16.0,28,0.1028928240449642,1
9,16.0,29,0.10339945898519542,1
9,16.0,30,0.10405527760496353,1
9,16.0,31,0.10479185569953986,1
9,16.0,32,0.10487194587182536,0
9,16.0,35,0.10601792042753537,0
9,16.0,36,0.1069335838797892,1
9,16.0,37,0.10708794828727908,0
9,16.0,38,0.10750069368858306,0
9,16.0,39,0.10818695044135436,1
9,16.0,42,0.1032047871314621,1
9,16.0,43,0.1067842081883021,1
9,16.0,44,0.10877111474067393,1
9,16.0,45,0.10997107912613784,1
9,16.0,49,0.10914068791129251,0
9,16.0,50,0.10331447656573235,2
9,16.0,51,0.10684874456344713,1
9,16.0,52,0.10880316430678798,1
9,16.0,53,0.11027413030919386,1
9,16.0,56,0.11257283526092417,1
9,16.0,57,0.11197408762278559,1
9,16.0,58,0.11261376533729765,1
9,16.0,59,0.11348608658220914,1
9,16.0,60,0.11331675715889068,0
9,16.0,63,0.11412629669089186,0
9,16.0,64,0.11219281359492787,1
9,16.0,65,0.1136521989266278,1
9,16.0,66,0.11401999782342566,0
9,16.0,70,0.1146600032552149,0
9,16.0,71,0.11432274869877324,0
9,16.0,72,0.11515907394094221,1
9,16.0,73,0.11333723955397217,1
9,16.0,77,0.11261342832449449,0
9,18.0,1,0.0930439495729275,1
9,18.0,2,0.09314481716138212,0
9,18.0,3,0.09250556868251934,1
9,18.0,4,0.09236754016731018,0
9,18.0,7,0.09144389220706055,0
9,18.0,8,0.09222896625945454,1
9,18.0,9,0.09230064401272088,0
9,18.0,10,0.093456022475133,1
9,18.0,11,0.0931469171043592,0
9,18.0,14,0.09432839769108763,0
9,18.0,15,0.09424897062297966,0
9,18.0,16,0.0953225386264069,1
9,18.0,17,0.09534757677703663,0
9,18.0,18,0.09586732415247882,1
9,18.0,21,0.09732839059086146,0
9,18.0,22,0.09862016751411319,1
9,18.0,23,0.09841832013117946,0
9,18.0,24,0.09992350237052648,1
9,18.0,25,0.09984504826769976,0
9,18.0,28,0.10145898122527434,1
9,18.0,29,0.1023123514107942,1
9,18.0,30,0.1023256996399896,0
9,18.0,31,0.10284072411067369,1
9,18.0,32,0.10365801792666914,1
9,18.0,35,0.10479790794297068,0
9,18.0,36,0.1055024466645625,1
9,18.0,37,0.10643047929685619,1
9,18.0,38,0.10654489289396135,0
9,18.0,39,0.10728495099218376,1
9,18.0,42,0.10070039653043215,2
9,18.0,43,0.10566048647834057,1
9,18.0,44,0.10696878762540542,1
9,18.0,45,0.1075335418207599,1
9,18.0,49,0.1068647828277949,0
9,18.0,50,0.10063374259043802,2
9,18.0,51,0.10429526270820073,1
9,18.0,52,0.10627419818756133,1
9,18.0,53,0.10701400320244864,1
9,18.0,56,0.10704625798101279,0
9,18.0,57,0.10789696396888565,1
9,18.0,58,0.10839816941522902,1
9,18.0,59,0.10697885869945095,1
9,18.0,60,0.10345202937917658,2
9,18.0,63,0.10643595306593262,1
9,18.0,64,0.10331302863415488,2
9,18.0,65,0.10279182971075651,1
9,18.0,66,0.09862984586170302,2
9,18.0,70,0.08846507791288888,2
9,18.0,71,0.09810328541530562,1
9,18.0,72,0.09789871708054958,0
9,18.0,73,0.058702931727711787,2
9,18.0,77,0.03237351792576645,2
9,20.0,1,0.09282829258113884,1
9,20.0,2,0.09292503214633226,0
9,20.0,3,0.09284273485960048,0
9,20.0,4,0.09331702479407199,0
9,20.0,7,0.09104182745572677,1
9,20.0,8,0.09103558773388838,0
9,20.0,9,0.09191787668866779,1
9,20.0,10,0.09234283178450027,0
9,20.0,11,0.09241734047978502,0
9,20.0,14,0.09362247069421688,0
9,20.0,15,0.09427310862676137,1
9,20.0,16,0.09575646489191396,1
9,20.0,17,0.09579226092034489,0
9,20.0,18,0.09587873887623556,0
9,20.0,21,0.09792589970756833,1
9,20.0,22,0.09806592752895338,0
9,20.0,23,0.09907498862710286,1
9,20.0,24,0.09914276886104641,0
9,20.0,25,0.09981942990993446,1
9,20.0,28,0.09935405689317778,0
9,20.0,29,0.09675174319373074,2
9,20.0,30,0.0971159640556431,0
9,20.0,31,0.02951604804764071,2
9,20.0,32,0.01188315782282826,2
9,20.0,35,0.0012797753761242486,2
9,20.0,36,0.0013760825204821,0
9,20.0,37,0.0012284527489244068,0
9,20.0,38,0.0012367629268079906,0
9,20.0,39,0.001241662595159538,0
9,20.0,42,0.0004805907596452631,0
9,20.0,43,0.0010803957000393514,1
9,20.0,44,0.0012456649794434184,0
9,20.0,45,0.001121309605095772,0
9,20.0,49,0.0011134217673199722,0
9,20.0,50,0.0003744019501834568,1
9,20.0,51,0.0007564860324081879,0
9,20.0,52,0.0008805332260370581,0
9,20.0,53,0.0009608645325937193,0
9,20.0,56,0.0010816427795393463,0
9,20.0,57,0.0008041989535664576,0
9,20.0,58,0.00097288598320661,0
9,20.0,59,0.0010762210455040795,0
9,20.0,60,0.0010217559625630335,0
9,20.0,63,0.0010616180684568707,0
9,20.0,64,0.0009690334269660065,0
9,20.0,65,0.001171570192500546,0
9,20.0,66,0.0008969118584651548,0
9,20.0,70,0.0008260683074730572,0
9,20.0,71,0.0008699102411955416,0
9,20.0,72,0.0007347127523759874,0
9,20.0,73,0.0007958892050623236,0
9,20.0,77,0.0006827603021977285,0
9,23.0,1,0.09290216946139863,1
9,23.0,2,0.093517638979366,1
9,23.0,3,0.09345507279655048,0
9,23.0,4,0.09486030459140078,1
9,23.0,7,0.09442060768658168,0
9,23.0,8,0.09526006095984625,1
9,23.0,9,0.09470635895855735,1
9,23.0,10,0.08171658951067602,2
9,23.0,11,0.01987082321140642,2
9,23.0,14,0.0011046479975516104,2
9,23.0,15,0.0011874890290231325,0
9,23.0,16,0.001273565399396458,0
9,23.0,17,0.0013143212849233126,0
9,23.0,18,0.0012466562145270357,0
9,23.0,21,0.0010214246469869306,0
9,23.0,22,0.0011571257181476754,0
9,23.0,23,0.0012352102013538189,0
9,23.0,24,0.0013107990569999354,0
9,23.0,25,0.0011096240004384243,0
9,23.0,28,0.0010197780894167085,0
9,23.0,29,0.0010652981569369794,0
9,23.0,30,0.0011067080658084018,0
9,23.0,31,0.001165593402077633,0
9,23.0,32,0.001046627757043989,0
9,23.0,35,0.0012847883492907066,0
9,23.0,36,0.0013456798236365158,0
9,23.0,37,0.0012294105233713003,0
9,23.0,38,0.0011856972165781158,0
9,23.0,39,0.0012199594126600186,0
9,23.0,42,0.0003547930663516509,0
9,23.0,43,0.0011373118347798453,1
9,23.0,44,0.0011991985758241413,0
9,23.0,45,0.0012305926851116098,0
9,23.0,49,0.0009050904977236815,0
9,23.0,50,0.0002867609704483685,1
9,23.0,51,0.0006042324026675978,0
9,23.0,52,0.0008536776802477563,0
9,23.0,53,0.001043886074401355,0
9,23.0,56,0.001024584013060269,0
9,23.0,57,0.0009570867054081397,0
9,23.0,58,0.0009495722999317378,0
9,23.0,59,0.0012052540680182334,0
9,23.0,60,0.00112209916687066,0
9,23.0,63,0.0010803409995490752,0
9,23.0,64,0.0007552499407139447,0
9,23.0,65,0.0009700569697520363,0
9,23.0,66,0.0008162666106922184,0
9,23.0,70,0.0008172266808349351,0
9,23.0,71,0.0011198764431015972,0
9,23.0,72,0.0008462526098825073,0
9,23.0,73,0.0007135468159864472,0
9,23.0,77,0.0005399421309460988,0
10,0.5,1,0.07274239363329903,1
10,0.5,2,0.07791968202152073,1
10,0.5,3,0.08476624506199504,1
10,0.5,4,0.08832788953348379,1
10,0.5,5,0.09172374904302179,1
10,0.5,6,0.09446347171666292,1
10,0.5,8,0.09637197751752997,1
10,0.5,9,0.09859591207174183,1
10,0.5,10,0.09596184227843223,2
10,0.5,11,0.0965241282872254,1
10,0.5,12,0.10040847510653994,1
10,0.5,13,0.10032913975457282,0
10,0.5,15,0.10126132599997556,0
10,0.5,16,0.10077063855983621,0
10,0.5,17,0.10183392678093867,1
10,0.5,18,0.10355730603919477,1
10,0.5,19,0.10443947911826669,1
10,0.5,22,0.10726122478418815,1
10,0.5,23,0.10674679633490347,1
10,0.5,24,0.1068292446695265,0
10,0.5,25,0.10778580509022133,1
10,0.5,26,0.10555422182860341,2
10,0.5,29,0.1079186199478293,1
10,0.5,30,0.10863780143211398,1
10,0.5,31,0.10846666698783923,0
10,0.5,32,0.10948467993942555,1
10,0.5,33,0.10829137837962514,1
10,0.5,36,0.11020754249053544,1
10,0.5,37,0.11083478961640218,1
10,0.5,38,0.11094661487683823,0
10,0.5,39,0.10925018422947358,1
10,0.5,40,0.10950212828908902,0
10,0.5,43,0.11125831603685199,1
10,0.5,44,0.10998950963734551,1
10,0.5,45,0.1121476902876342,1
10,0.5,46,0.11227921883631432,0
10,0.5,47,0.11149683471430812,1
10,0.5,50,0.11247613736583094,0
10,0.5,51,0.11226985185518217,0
10,0.5,52,0.1120120938832926,0
10,0.5,53,0.11201166392587103,0
10,0.5,54,0.11218771462146769,0
10,0.5,57,0.11402456405274473,1
10,0.5,58,0.11359782512525106,0
10,0.5,59,0.11386749586077667,0
10,0.5,60,0.1140953183037261,0
10,0.5,61,0.11357235402599207,1
10,0.5,64,0.11427022555450707,0
10,0.5,65,0.11412439254827285,0
10,0.5,66,0.11438200100139717,0
10,0.5,67,0.11481571451697674,0
10,0.5,68,0.11415589074273326,1
10,0.5,71,0.11330011426658877,0
10,0.5,72,0.11404683651234467,1
10,0.5,73,0.11037978021986261,2
10,0.5,74,0.11399979235499298,1
10,0.5,75,0.11389236623029762,0
10,0.5,78,0.1099227962338616,1
10,0.5,79,0.11572405857104735,1
10,0.5,80,0.1155992393922257,0
10,0.5,81,0.11553739755449026,0
10,0.5,82,0.11543035147842355,0
10,0.5,85,0.11465015506817033,0
10,0.5,86,0.11583557358445405,1
10,0.5,87,0.1161904915512702,0
10,0.5,88,0.11555571513942947,1
10,0.5,89,0.11627425226477334,1
10,2.0,1,0.07277744206408364,1
10,2.0,2,0.07276747241114774,0
10,2.0,3,0.07505634566979276,1
10,2.0,4,0.07893066389142463,1
10,2.0,5,0.08248987729139219,1
10,2.0,6,0.08477870288904005,1
10,2.0,8,0.08809847108576362,1
10,2.0,9,0.09022444526100508,1
10,2.0,10,0.08845592063106099,1
10,2.0,11,0.08908867582414583,1
10,2.0,12,0.09332173907175584,1
10,2.0,13,0.09345353191100025,0
10,2.0,15,0.09492642263220974,1
10,2.0,16,0.09591326470288501,1
10,2.0,17,0.09541309232884622,1
10,2.0,18,0.09711277102926774,1
10,2.0,19,0.0982856338425248,1
10,2.0,22,0.10128632334040882,1
10,2.0,23,0.10105191280530301,0
10,2.0,24,0.10125869240630891,0
10,2.0,25,0.10170486388660395,0
10,2.0,26,0.10002693625731511,1
10,2.0,29,0.10276267409768798,1
10,2.0,30,0.10327753879177641,1
10,2.0,31,0.10354212680435987,0
10,2.0,32,0.10456850583910265,1
10,2.0,33,0.10408391182327768,0
10,2.0,36,0.10535210694077173,0
10,2.0,37,0.1055922347038926,0
10,2.0,38,0.1058657220457121,0
10,2.0,39,0.10434553630841749,1
10,2.0,40,0.10491584922357229,1
10,2.0,43,0.10592397246395184,0
10,2.0,44,0.10570124906290386,0
10,2.0,45,0.10778466946209148,1
10,2.0,46,0.10721543599476169,1
10,2.0,47,0.10597721531486622,1
10,2.0,50,0.10788164858520329,1
10,2.0,51,0.10786173128171705,0
10,2.0,52,0.10887560825035954,1
10,2.0,53,0.1079242277210456,1
10,2.0,54,0.10748660651173257,0
10,2.0,57,0.10924254786929076,1
10,2.0,58,0.10910537714267622,0
10,2.0,59,0.10955391837974005,0
10,2.0,60,0.1095763267081384,0
10,2.0,61,0.10956849515301038,0
10,2.0,64,0.10986001921972528,0
10,2.0,65,0.10974116433105607,0
10,2.0,66,0.11081391452415795,1
10,2.0,67,0.11010513103721283,1
10,2.0,68,0.11113536159701513,1
10,2.0,71,0.10893806548813756,1
10,2.0,72,0.11095799121831618,1
10,2.0,73,0.10676175794780791,2
10,2.0,74,0.10999479770952897,1
10,2.0,75,0.11023516822269075,0
10,2.0,78,0.1099227962338616,0
10,2.0,79,0.1112833855796787,1
10,2.0,80,0.11177937137733328,0
10,2.0,81,0.11151346678719613,0
10,2.0,82,0.1113284869614824,0
10,2.0,85,0.1106688606340354,0
10,2.0,86,0.11165358358809167,1
10,2.0,87,0.11236707907728194,1
10,2.0,88,0.11183077899241343,1
10,2.0,89,0.11215494565030042,0
10,4.0,1,0.07221710972798907,1
10,4.0,2,0.07355049801910353,1
10,4.0,3,0.07424632622350247,1
10,4.0,4,0.07486493858520916,1
10,4.0,5,0.07598923641434194,1
10,4.0,6,0.0781790369041848,1
10,4.0,8,0.08176549979236784,1
10,4.0,9,0.08384901188953742,1
10,4.0,10,0.08167294978226816,2
10,4.0,11,0.08234460486968935,1
10,4.0,12,0.0868627358403527,1
10,4.0,13,0.08780043616079974,1
10,4.0,15,0.08957114723631604,1
10,4.0,16,0.09046297122431862,1
10,4.0,17,0.09048172102217499,0
10,4.0,18,0.09182597248663223,1
10,4.0,19,0.09301769923493179,1
10,4.0,22,0.09538636622913975,1
10,4.0,23,0.09578215649865757,0
10,4.0,24,0.09686673878926207,1
10,4.0,25,0.09682860300794922,0
10,4.0,26,0.09564239088517064,1
10,4.0,29,0.098011328626115,1
10,4.0,30,0.09809533704340412,0
10,4.0,31,0.09825246441504798,0
10,4.0,32,0.09893010868376889,1
10,4.0,33,0.09902885236107974,0
10,4.0,36,0.10070650508973206,1
10,4.0,37,0.10066600500962265,0
10,4.0,38,0.10097516845857783,0
10,4.0,39,0.0996793325169696,1
10,4.0,40,0.10080978602683939,1
10,4.0,43,0.10205811290685095,0
10,4.0,44,0.10172370150577743,0
10,4.0,45,0.10312188148661722,1
10,4.0,46,0.10277551284173497,0
10,4.0,47,0.10311821059830607,0
10,4.0,50,0.10331721990260462,0
10,4.0,51,0.10382131779320027,1
10,4.0,52,0.10427011178267225,0
10,4.0,53,0.104128520507492,0
10,4.0,54,0.10435382473259446,0
10,4.0,57,0.10495842932485937,0
10,4.0,58,0.105273664214533,0
10,4.0,59,0.10604544805572343,1
10,4.0,60,0.10527964931098176,1
10,4.0,61,0.10576243188551458,0
10,4.0,64,0.10566398652206475,0
10,4.0,65,0.10627021922372731,1
10,4.0,66,0.10611655594691866,0
10,4.0,67,0.10699879921977705,1
10,4.0,68,0.10638990667027286,1
10,4.0,71,0.10616148185789731,0
10,4.0,72,0.10682047528835587,1
10,4.0,73,0.10291252332270713,2
10,4.0,74,0.10635848348796513,1
10,4.0,75,0.10661897278348485,0
10,4.0,78,0.10260908547550046,1
10,4.0,79,0.10785678029163516,1
10,4.0,80,0.10765263408901023,0
10,4.0,81,0.10832045389955504,1
10,4.0,82,0.10800419190995991,0
10,4.0,85,0.10742598549632491,0
10,4.0,86,0.10843658535994471,1
10,4.0,87,0.10887450795575156,0
10,4.0,88,0.10874678785432668,0
10,4.0,89,0.10895623219545401,0
10,8.0,1,0.07265543733926001,1
10,8.0,2,0.07304949569536155,0
10,8.0,3,0.07465634336788149,1
10,8.0,4,0.07486297747515012,0
10,8.0,5,0.07547045664145645,1
10,8.0,6,0.07621505908572271,1
10,8.0,8,0.07706867123798197,0
10,8.0,9,0.07771125953809221,1
10,8.0,10,0.07554664584668778,2
10,8.0,11,0.07589689603628492,0
10,8.0,12,0.08011646767356272,1
10,8.0,13,0.08048282245694259,0
10,8.0,15,0.0820813249083278,1
10,8.0,16,0.08321101895105838,1
10,8.0,17,0.083645062630841,0
10,8.0,18,0.08479893514176552,1
10,8.0,19,0.085533920764903,1
10,8.0,22,0.08800192051650342,1
10,8.0,23,0.08842420957548379,0
10,8.0,24,0.08878125700241057,0
10,8.0,25,0.08917537600688981,0
10,8.0,26,0.08867438285019158,1
10,8.0,29,0.09144334712113118,1
10,8.0,30,0.09136736784433518,0
10,8.0,31,0.09208448305134342,1
10,8.0,32,0.09267643122892638,1
10,8.0,33,0.09252844503034637,0
10,8.0,36,0.09438786452138208,1
10,8.0,37,0.09439145632278077,0
10,8.0,38,0.09477625831696386,0
10,8.0,39,0.09423195758164686,1
10,8.0,40,0.09492876365095942,1
10,8.0,43,0.09639057516532867,0
10,8.0,44,0.09584165276858371,1
10,8.0,45,0.0962978639366837,0
10,8.0,46,0.09646121938166063,0
10,8.0,47,0.09737679891225935,1
10,8.0,50,0.09799013603122704,0
10,8.0,51,0.09832799552803,0
10,8.0,52,0.09837157341841336,0
10,8.0,53,0.09863913496881765,0
10,8.0,54,0.09949605515752379,1
10,8.0,57,0.09947596550384874,0
10,8.0,58,0.09944699366090615,0
10,8.0,59,0.09938952895330976,0
10,8.0,60,0.1001703532251687,1
10,8.0,61,0.10001448621989743,0
10,8.0,64,0.10101442775490553,0
10,8.0,65,0.10044484419227558,1
10,8.0,66,0.10086038892776504,0
10,8.0,67,0.10102708262263747,0
10,8.0,68,0.10120085271149097,0
10,8.0,71,0.10066827099886884,0
10,8.0,72,0.10216021798413995,1
10,8.0,73,0.09772993059075814,2
10,8.0,74,0.10108598074439468,1
10,8.0,75,0.10179806821755281,1
10,8.0,78,0.09788808965098868,1
10,8.0,79,0.10314608538968689,1
10,8.0,80,0.10360090549035851,0
10,8.0,81,0.10348363481277367,0
10,8.0,82,0.103658814096598,0
10,8.0,85,0.10294120662267447,0
10,8.0,86,0.10382630406611264,1
10,8.0,87,0.10353284184234017,0
10,8.0,88,0.10369230055189672,0
10,8.0,89,0.10401831416891257,0
10,12.0,1,0.07242149850952201,1
10,12.0,2,0.07341252269435139,1
10,12.0,3,0.07410103671256833,1
10,12.0,4,0.07353940279503317,1
10,12.0,5,0.0746102321787524,1
10,12.0,6,0.07498579553388822,0
10,12.0,8,0.07540855167334831,0
10,12.0,9,0.07600254854649113,1
10,12.0,10,0.07331321441359012,2
10,12.0,11,0.07312133852781715,0
10,12.0,12,0.07720928289180272,1
10,12.0,13,0.07756779114212325,0
10,12.0,15,0.07887706961287264,1
10,12.0,16,0.07915295376004937,0
10,12.0,17,0.07903654160328218,0
10,12.0,18,0.08024743430023616,1
10,12.0,19,0.08087657901568553,1
10,12.0,22,0.08301121804819978,1
10,12.0,23,0.08314973370804753,0
10,12.0,24,0.08401992511765266,1
10,12.0,25,0.08448893567660189,0
10,12.0,26,0.08411019915456613,0
10,12.0,29,0.08638473504282847,1
10,12.0,30,0.08672035351964417,0
10,12.0,31,0.0873626499127612,1
10,12.0,32,0.08761641284345224,0
10,12.0,33,0.08803220012971934,0
10,12.0,36,0.08938401867444447,0
10,12.0,37,0.09004621293920045,1
10,12.0,38,0.09066639734091762,1
10,12.0,39,0.08955802535357256,1
10,12.0,40,0.09041573029556428,1
10,12.0,43,0.09172602315229016,0
10,12.0,44,0.09193578354897185,0
10,12.0,45,0.09251350007926733,1
10,12.0,46,0.09226304837791129,0
10,12.0,47,0.09273593910028305,0
10,12.0,50,0.09380651784710838,0
10,12.0,51,0.09385042275510373,0
10,12.0,52,0.0944498026977623,1
10,12.0,53,0.09489663087951929,0
10,12.0,54,0.09475304430030503,0
10,12.0,57,0.09505616998901763,0
10,12.0,58,0.09566647934152461,1
10,12.0,59,0.0956953482275032,0
10,12.0,60,0.09683251528181587,1
10,12.0,61,0.09631561986653701,1
10,12.0,64,0.09658000583892012,0
10,12.0,65,0.09762913329421254,1
10,12.0,66,0.09766258122654624,0
10,12.0,67,0.09776595672513307,0
10,12.0,68,0.09843326473463793,1
10,12.0,71,0.09752884956256079,0
10,12.0,72,0.09797801876487566,0
10,12.0,73,0.09409796495774114,2
10,12.0,74,0.09764293495897053,1
10,12.0,75,0.09824144700487746,1
10,12.0,78,0.09417326540016058,1
10,12.0,79,0.09969657228237683,1
10,12.0,80,0.0997351519671013,0
10,12.0,81,0.09994115815548553,0
10,12.0,82,0.09945964958833071,0
10,12.0,85,0.09966886910382046,0
10,12.0,86,0.1001053717557538,0
10,12.0,87,0.10026314218933292,0
10,12.0,88,0.10038012470903997,0
10,12.0,89,0.10059717519382196,0
10,16.0,1,0.07274223389555022,1
10,16.0,2,0.07299564964241072,0
10,16.0,3,0.07328904355171295,0
10,16.0,4,0.07278417781947043,1
10,16.0,5,0.07263266197877546,0
10,16.0,6,0.07279253706878912,0
10,16.0,8,0.07355170090795214,0
10,16.0,9,0.0748630437619993,1
10,16.0,10,0.07180734206406515,2
10,16.0,11,0.07120938556708663,1
10,16.0,12,0.07523354147221716,1
10,16.0,13,0.07530394264285237,0
10,16.0,15,0.07621113375346585,0
10,16.0,16,0.07676200876417306,1
10,16.0,17,0.07651753772147844,0
10,16.0,18,0.07676011870592697,0
10,16.0,19,0.07803096480087506,1
10,16.0,22,0.0796343957671425,1
10,16.0,23,0.0797827515420478,0
10,16.0,24,0.08033115844531105,1
10,16.0,25,0.0805505643800906,0
10,16.0,26,0.0808490682221301,0
10,16.0,29,0.08236761390647357,1
10,16.0,30,0.08282575485020467,0
10,16.0,31,0.08313755967483885,0
10,16.0,32,0.08402113198896172,1
10,16.0,33,0.0837456361840947,0
10,16.0,36,0.08511764911483544,0
10,16.0,37,0.08619198008028205,1
10,16.0,38,0.08601411486864374,0
10,16.0,39,0.08646976293086471,0
10,16.0,40,0.08700571256858232,1
10,16.0,43,0.08821005404917821,0
10,16.0,44,0.08826560531547896,0
10,16.0,45,0.08835726413361371,0
10,16.0,46,0.08848980938099227,0
10,16.0,47,0.08911258863544198,1
10,16.0,50,0.08972061529057525,0
10,16.0,51,0.08986957736196155,0
10,16.0,52,0.09020402916126748,0
10,16.0,53,0.09038131633563358,0
10,16.0,54,0.09145368400690079,1
10,16.0,57,0.09184713987507291,0
10,16.0,58,0.09213171544039167,0
10,16.0,59,0.09183101538832843,0
10,16.0,60,0.09235847800382924,1
10,16.0,61,0.09230240571606337,0
10,16.0,64,0.0930587536734329,0
10,16.0,65,0.09297541416766718,0
10,16.0,66,0.09321578466671065,0
10,16.0,67,0.09344340632486274,0
10,16.0,68,0.0935639780942523,0
10,16.0,71,0.0936287378624518,0
10,16.0,72,0.09392361320773264,0
10,16.0,73,0.08947896203472043,2
10,16.0,74,0.09298358543972268,1
10,16.0,75,0.093722947177328,1
10,16.0,78,0.08946373084138048,1
10,16.0,79,0.09435137629993175,1
10,16.0,80,0.09458647634865659,0
10,16.0,81,0.09470767142381929,0
10,16.0,82,0.09428902996630245,0
10,16.0,85,0.09370283532801271,0
10,16.0,86,0.0946421834280281,1
10,16.0,87,0.0947050479809512,0
10,16.0,88,0.09410076748691572,1
10,16.0,89,0.09450658140632646,0
10,18.0,1,0.07283530010002963,1
10,18.0,2,0.07319519495170877,0
10,18.0,3,0.07276182209466359,0
10,18.0,4,0.07247082496029682,0
10,18.0,5,0.0722761279317161,0
10,18.0,6,0.07259446298853388,0
10,18.0,8,0.07342884543897228,0
10,18.0,9,0.07363625998918892,0
10,18.0,10,0.07064928096901597,2
10,18.0,11,0.07004185865381132,1
10,18.0,12,0.07420874243466238,1
10,18.0,13,0.07471480201965508,1
10,18.0,15,0.07510591157856943,0
10,18.0,16,0.07548766426427479,0
10,18.0,17,0.07571557482857408,0
10,18.0,18,0.07633986353692102,1
10,18.0,19,0.07654880945288733,0
10,18.0,22,0.07724330357610593,0
10,18.0,23,0.0784188992093485,1
10,18.0,24,0.07921562876505028,1
10,18.0,25,0.07942177774569086,0
10,18.0,26,0.07922544362949935,0
10,18.0,29,0.08090509333181706,1
10,18.0,30,0.08182549791376141,1
10,18.0,31,0.08198090513210106,0
10,18.0,32,0.08272497972193392,1
10,18.0,33,0.08287368737040977,0
10,18.0,36,0.0842798386622669,0
10,18.0,37,0.08475554490480146,0
10,18.0,38,0.08427924293534322,0
10,18.0,39,0.08424635750393734,0
10,18.0,40,0.0844528773857937,0
10,18.0,43,0.08491686175555342,0
10,18.0,44,0.08389910249134623,1
10,18.0,45,0.0837332456552435,0
10,18.0,46,0.08243824275865529,1
10,18.0,47,0.08235746107765868,0
10,18.0,50,0.08225282013710011,0
10,18.0,51,0.07376947016117542,2
10,18.0,52,0.07889759835966417,1
10,18.0,53,0.04893365645727196,2
10,18.0,54,0.05429723720133903,1
10,18.0,57,0.010382393557298012,2
10,18.0,58,0.004686301856669717,2
10,18.0,59,0.0031739164669759025,1
10,18.0,60,0.0016540376354448674,1
10,18.0,61,0.0010104013337148444,1
10,18.0,64,0.0011225885522418459,0
10,18.0,65,0.0011994116449212083,0
10,18.0,66,0.0007825066647574216,0
10,18.0,67,0.0009012754963965445,0
10,18.0,68,0.000940845738730539,0
10,18.0,71,0.0010623185528102158,0
10,18.0,72,0.0009304800311227536,0
10,18.0,73,0.00033148987685274614,1
10,18.0,74,0.0009719635455899262,1
10,18.0,75,0.0011787487251964355,0
10,18.0,78,0.0004899367286827237,0
10,18.0,79,0.001054507784617171,1
10,18.0,80,0.001051156683702046,0
10,18.0,81,0.0011384578063196235,0
10,18.0,82,0.0011165343866985284,0
10,18.0,85,0.0012008614572576832,0
10,18.0,86,0.0013811385552346264,0
10,18.0,87,0.0012173373275516804,0
10,18.0,88,0.0012291078307225516,0
10,18.0,89,0.0014356345646509665,0
10,20.0,1,0.07304892479279122,1
10,20.0,2,0.07305213528775197,0
10,20.0,3,0.07293833377017435,0
10,20.0,4,0.0731675069526922,0
10,20.0,5,0.07325166637439746,0
10,20.0,6,0.07362370370863895,0
10,20.0,8,0.07315264579037416,0
10,20.0,9,0.0738820489397199,1
10,20.0,10,0.06988892499851952,2
10,20.0,11,0.07000503031359102,0
10,20.0,12,0.07422579609698766,1
10,20.0,13,0.0745306967610147,0
10,20.0,15,0.07535396127190683,0
10,20.0,16,0.07554272030445436,0
10,20.0,17,0.07541633652298273,0
10,20.0,18,0.07598394794582886,1
10,20.0,19,0.07695496768325864,1
10,20.0,22,0.0772416517739803,0
10,20.0,23,0.07730334247102777,0
10,20.0,24,0.07746522603053953,0
10,20.0,25,0.07662012008775411,1
10,20.0,26,0.07471067255095608,1
10,20.0,29,0.007427676370780917,2
10,20.0,30,0.0022304384798518,2
10,20.0,31,0.0011421447447047728,1
10,20.0,32,0.0009112253418966035,0
10,20.0,33,0.000992193259023949,0
10,20.0,36,0.0009798816246712912,0
10,20.0,37,0.0010789256295540336,0
10,20.0,38,0.0009236019580943843,0
10,20.0,39,0.0011953961703442188,0
10,20.0,40,0.0012447741950354088,0
10,20.0,43,0.0009053301916076981,0
10,20.0,44,0.001203687505584198,0
10,20.0,45,0.0009886589561998438,0
10,20.0,46,0.000982398072588993,0
10,20.0,47,0.0011632654042496137,0
10,20.0,50,0.0008955234859877875,0
10,20.0,51,0.0009947093331558598,0
10,20.0,52,0.0009833063228034998,0
10,20.0,53,0.0010508970131821017,0
10,20.0,54,0.0011728500623957151,0
10,20.0,57,0.0010588470195965806,0
10,20.0,58,0.0009144067118847186,0
10,20.0,59,0.0007871174084000068,0
10,20.0,60,0.0008491510723148054,0
10,20.0,61,0.0013058334652082358,0
10,20.0,64,0.0010523349501601763,0
10,20.0,65,0.0010613212610883493,0
10,20.0,66,0.0009019966522729119,0
10,20.0,67,0.000966588871884775,0
10,20.0,68,0.0010829046948351924,0
10,20.0,71,0.0012171108644187542,0
10,20.0,72,0.0011339310240661583,0
10,20.0,73,0.0004965656586693315,1
10,20.0,74,0.0011689423182404863,1
10,20.0,75,0.001292846867823345,0
10,20.0,78,0.00045580670395449534,0
10,20.0,79,0.0012108791197544561,1
10,20.0,80,0.0009912580371960798,0
10,20.0,81,0.0013158054445607974,0
10,20.0,82,0.0012671567075188273,0
10,20.0,85,0.0012730930283490407,0
10,20.0,86,0.0011787544228577978,0
10,20.0,87,0.0012451294197074036,0
10,20.0,88,0.001304850148854911,0
10,20.0,89,0.0013380279696310388,0
10,23.0,1,0.07285965993747516,1
10,23.0,2,0.07302247391693818,0
10,23.0,3,0.07363433591219277,1
10,23.0,4,0.07355874612119616,0
10,23.0,5,0.07358740052517208,0
10,23.0,6,0.07353360312603642,0
10,23.0,8,0.07336338900471655,0
10,23.0,9,0.06796793136043923,2
10,23.0,10,0.011295779968665952,2
10,23.0,11,0.0006786628629424106,2
10,23.0,12,0.0008801525293898575,0
10,23.0,13,0.0008317134457172074,0
10,23.0,15,0.0008248163990803513,0
10,23.0,16,0.0009897932274426176,0
10,23.0,17,0.0007233338323739068,0
10,23.0,18,0.0016532186264986367,1
10,23.0,19,0.0009793242076932504,1
10,23.0,22,0.0009319645505340986,0
10,23.0,23,0.0009700370317537472,0
10,23.0,24,0.0008691402076463846,0
10,23.0,25,0.0010107059226664597,0
10,23.0,26,0.0009012322017739528,0
10,23.0,29,0.0008632018985588857,0
10,23.0,30,0.000963678707029097,0
10,23.0,31,0.0012608257937127582,0
10,23.0,32,0.0010156304809750482,0
10,23.0,33,0.0009049030354037584,0
10,23.0,36,0.0009107334246934691,0
10,23.0,37,0.0010789256295540336,0
10,23.0,38,0.001000760247327641,0
10,23.0,39,0.0009189644828201415,0
10,23.0,40,0.0007355501736794429,0
10,23.0,43,0.0010948114263116986,0
10,23.0,44,0.0006802977463777638,0
10,23.0,45,0.0010087427781233858,0
10,23.0,46,0.000885445924148491,0
10,23.0,47,0.001095255748551784,0
10,23.0,50,0.0009538371765279223,0
10,23.0,51,0.0010932555089732115,0
10,23.0,52,0.001047709559176369,0
10,23.0,53,0.00100777674035588,0
10,23.0,54,0.0012326532451681794,0
10,23.0,57,0.0009954050264687423,0
10,23.0,58,0.0009541981551094742,0
10,23.0,59,0.0008881507815808549,0
10,23.0,60,0.0008684729475726674,0
10,23.0,61,0.001155333453567672,0
10,23.0,64,0.0010994323489162997,0
10,23.0,65,0.001021344044318225,0
10,23.0,66,0.001001561393251331,0
10,23.0,67,0.0007768782431888348,0
10,23.0,68,0.0009956515879545335,0
10,23.0,71,0.0011033505828082278,0
10,23.0,72,0.0009237858214425197,0
10,23.0,73,0.0006466404492501216,0
10,23.0,74,0.0010264752009756337,0
10,23.0,75,0.0013395306211153007,0
10,23.0,78,0.00036621847220752387,0
10,23.0,79,0.0012170005813521585,1
10,23.0,80,0.0011169404249712059,0
10,23.0,81,0.0011340576532369792,0
10,23.0,82,0.0012254582578505784,0
10,23.0,85,0.0012954545704639915,0
10,23.0,86,0.001198892182058185,0
10,23.0,87,0.0010585937955191601,0
10,23.0,88,0.0011059274050251864,0
10,23.0,89,0.0014652922165020973,0
